nodedata.npmPackageName,nodedata.size,nodedata.sizeindexed,nodedata.sizeunindexed,nodedata.created_at,nodedata.updated_at,nodedata.stargazers_count,nodedata.subscribers_count,nodedata.watchers_count,nodedata.nointerests,nodedata.age,nodedata.lastupdateyears,nodedata.lastupdatemonths,nodedata.lastupdatedays,nodedata.nocontributors,nodedata.noissues,nodedata.npmaudit.metadata.vulnerabilities.info,nodedata.npmaudit.metadata.vulnerabilities.low,nodedata.npmaudit.metadata.vulnerabilities.moderate,nodedata.npmaudit.metadata.vulnerabilities.high,nodedata.npmaudit.metadata.vulnerabilities.critical,nodedata.npmaudit.metadata.vulnerabilities.total,nodedata.npmaudit.metadata.dependencies.prod,nodedata.npmaudit.metadata.dependencies.dev,nodedata.npmaudit.metadata.optional,nodedata.npmaudit.metadata.peer,nodedata.npmaudit.metadata.peerOptional,nodedata.npmaudit.metadata.total,id,name,ownericon,owner,datalocalisation,age,lastupdateyears,lastupdatemonths,lastupdatedays,nocontributors,noissues,nointerests,license,size,sizeindexed,sizeunindexed,nodevdependencies,noproddependencies,nopeerdependencies,nodependencies,noversions,nomaintainers,latestversion,centrality,indegree,outdegree,gcom,bcom,ucom,xcom,ycom,rcom,ecom,ncom,vul.info,vul.low,vul.moderate,vul.high,vul.critical
mock-fs,35342078.0,4192.0,1101.0,2013-11-08T16:54:54Z,2024-10-12T19:38:09Z,906,11,906,1823,10.96,0.03,0,10.85,38,67,0.0,0.0,0.0,0.0,0.0,0.0,1.0,249.0,,,,,brick-boilerplate,brick-boilerplate,https://avatars.githubusercontent.com/u/131524?v=4,Mozilla,United States(California),10.46,0.03,0,12.1,1,3,16,ISC,38289313.0,7091.0,2336.0,15,0,0,15,1,1,0.0.0,2,0,2,0.0,0.0,0.0,0.0,0.0,0.0,0.0,20.0,0,3,7,44,14
mock-fs,35342078.0,4192.0,1101.0,2013-11-08T16:54:54Z,2024-10-12T19:38:09Z,906,11,906,1823,10.96,0.03,0,10.85,38,67,0.0,0.0,0.0,0.0,0.0,0.0,1.0,249.0,,,,,karma,karma,https://avatars.githubusercontent.com/u/3284117?v=4,karma-runner,unknown,13.04,0.01,0,2.47,340,379,24233,MIT,396432213.0,16410.0,3625.0,39,24,0,63,213,5,6.4.4,2,1,2,0.0,0.0,0.0,0.0,0.0,0.0,0.0,2850.0,0,5,21,31,7
mock-fs,35342078.0,4192.0,1101.0,2013-11-08T16:54:54Z,2024-10-12T19:38:09Z,906,11,906,1823,10.96,0.03,0,10.85,38,67,0.0,0.0,0.0,0.0,0.0,0.0,1.0,249.0,,,,,karma-mocha,karma-mocha,https://avatars.githubusercontent.com/u/3284117?v=4,karma-runner,unknown,11.66,0.44,5,158.92,34,86,768,MIT,70595576.0,15141.0,3734.0,29,1,0,30,23,5,2.0.1,3,3,2,0.0,0.0,0.0,0.0,0.0,0.0,0.0,184.0,0,4,27,80,17
mock-fs,35342078.0,4192.0,1101.0,2013-11-08T16:54:54Z,2024-10-12T19:38:09Z,906,11,906,1823,10.96,0.03,0,10.85,38,67,0.0,0.0,0.0,0.0,0.0,0.0,1.0,249.0,,,,,mock-fs,mock-fs,https://avatars.githubusercontent.com/u/41094?v=4,tschaub,unknown,10.96,0.03,0,10.85,38,67,1823,MIT,35342078.0,4192.0,1101.0,6,0,0,6,85,1,5.4.0,1,1,0,0.0,0.0,0.0,0.0,0.0,0.0,0.0,733.0,0,0,0,0,0
eslint-config-tschaub,32631142.0,3597.0,839.0,2015-06-25T15:26:10Z,2022-02-10T15:30:59Z,0,3,0,3,9.34,2.7,32,986.02,3,0,0.0,0.0,1.0,2.0,0.0,3.0,158.0,20.0,,,,,brick-boilerplate,brick-boilerplate,https://avatars.githubusercontent.com/u/131524?v=4,Mozilla,United States(California),10.46,0.03,0,12.1,1,3,16,ISC,38289313.0,7091.0,2336.0,15,0,0,15,1,1,0.0.0,2,0,2,0.0,0.0,0.0,0.0,0.0,0.0,0.0,20.0,0,3,7,44,14
eslint-config-tschaub,32631142.0,3597.0,839.0,2015-06-25T15:26:10Z,2022-02-10T15:30:59Z,0,3,0,3,9.34,2.7,32,986.02,3,0,0.0,0.0,1.0,2.0,0.0,3.0,158.0,20.0,,,,,karma,karma,https://avatars.githubusercontent.com/u/3284117?v=4,karma-runner,unknown,13.04,0.01,0,2.47,340,379,24233,MIT,396432213.0,16410.0,3625.0,39,24,0,63,213,5,6.4.4,2,1,2,0.0,0.0,0.0,0.0,0.0,0.0,0.0,2850.0,0,5,21,31,7
eslint-config-tschaub,32631142.0,3597.0,839.0,2015-06-25T15:26:10Z,2022-02-10T15:30:59Z,0,3,0,3,9.34,2.7,32,986.02,3,0,0.0,0.0,1.0,2.0,0.0,3.0,158.0,20.0,,,,,karma-mocha,karma-mocha,https://avatars.githubusercontent.com/u/3284117?v=4,karma-runner,unknown,11.66,0.44,5,158.92,34,86,768,MIT,70595576.0,15141.0,3734.0,29,1,0,30,23,5,2.0.1,3,3,2,0.0,0.0,0.0,0.0,0.0,0.0,0.0,184.0,0,4,27,80,17
eslint-config-tschaub,32631142.0,3597.0,839.0,2015-06-25T15:26:10Z,2022-02-10T15:30:59Z,0,3,0,3,9.34,2.7,32,986.02,3,0,0.0,0.0,1.0,2.0,0.0,3.0,158.0,20.0,,,,,mock-fs,mock-fs,https://avatars.githubusercontent.com/u/41094?v=4,tschaub,unknown,10.96,0.03,0,10.85,38,67,1823,MIT,35342078.0,4192.0,1101.0,6,0,0,6,85,1,5.4.0,2,1,2,0.0,0.0,0.0,0.0,0.0,0.0,0.0,733.0,0,0,0,0,0
eslint-config-tschaub,32631142.0,3597.0,839.0,2015-06-25T15:26:10Z,2022-02-10T15:30:59Z,0,3,0,3,9.34,2.7,32,986.02,3,0,0.0,0.0,1.0,2.0,0.0,3.0,158.0,20.0,,,,,eslint-config-tschaub,eslint-config-tschaub,https://avatars.githubusercontent.com/u/41094?v=4,tschaub,unknown,9.34,2.7,32,986.02,3,0,3,MIT,32631142.0,3597.0,839.0,6,6,0,12,22,1,14.1.2,1,1,0,0.0,0.0,0.0,0.0,0.0,0.0,0.0,101.0,0,0,1,2,0
semver,172772789.0,16645.0,3874.0,2011-02-12T00:06:03Z,2024-10-23T11:18:01Z,5087,103,5087,10277,13.71,0.0,0,0.2,81,48,0.0,0.0,0.0,1.0,0.0,1.0,1.0,955.0,,,,,brick-boilerplate,brick-boilerplate,https://avatars.githubusercontent.com/u/131524?v=4,Mozilla,United States(California),10.46,0.03,0,12.1,1,3,16,ISC,38289313.0,7091.0,2336.0,15,0,0,15,1,1,0.0.0,2,0,2,0.0,0.0,0.0,0.0,0.0,0.0,0.0,20.0,0,3,7,44,14
semver,172772789.0,16645.0,3874.0,2011-02-12T00:06:03Z,2024-10-23T11:18:01Z,5087,103,5087,10277,13.71,0.0,0,0.2,81,48,0.0,0.0,0.0,1.0,0.0,1.0,1.0,955.0,,,,,karma,karma,https://avatars.githubusercontent.com/u/3284117?v=4,karma-runner,unknown,13.04,0.01,0,2.47,340,379,24233,MIT,396432213.0,16410.0,3625.0,39,24,0,63,213,5,6.4.4,2,1,2,0.0,0.0,0.0,0.0,0.0,0.0,0.0,2850.0,0,5,21,31,7
semver,172772789.0,16645.0,3874.0,2011-02-12T00:06:03Z,2024-10-23T11:18:01Z,5087,103,5087,10277,13.71,0.0,0,0.2,81,48,0.0,0.0,0.0,1.0,0.0,1.0,1.0,955.0,,,,,karma-mocha,karma-mocha,https://avatars.githubusercontent.com/u/3284117?v=4,karma-runner,unknown,11.66,0.44,5,158.92,34,86,768,MIT,70595576.0,15141.0,3734.0,29,1,0,30,23,5,2.0.1,3,3,2,0.0,0.0,0.0,0.0,0.0,0.0,0.0,184.0,0,4,27,80,17
semver,172772789.0,16645.0,3874.0,2011-02-12T00:06:03Z,2024-10-23T11:18:01Z,5087,103,5087,10277,13.71,0.0,0,0.2,81,48,0.0,0.0,0.0,1.0,0.0,1.0,1.0,955.0,,,,,mock-fs,mock-fs,https://avatars.githubusercontent.com/u/41094?v=4,tschaub,unknown,10.96,0.03,0,10.85,38,67,1823,MIT,35342078.0,4192.0,1101.0,6,0,0,6,85,1,5.4.0,2,1,2,0.0,0.0,0.0,0.0,0.0,0.0,0.0,733.0,0,0,0,0,0
semver,172772789.0,16645.0,3874.0,2011-02-12T00:06:03Z,2024-10-23T11:18:01Z,5087,103,5087,10277,13.71,0.0,0,0.2,81,48,0.0,0.0,0.0,1.0,0.0,1.0,1.0,955.0,,,,,semver,semver,https://avatars.githubusercontent.com/u/6078720?v=4,npm,United States(District of Columbia),13.71,0.0,0,0.2,81,48,10277,ISC,172772789.0,16645.0,3874.0,0,0,0,0,108,6,7.6.3,1,1,0,,,,,,,,,0,0,0,1,0
eslint-config-prettier,115858400.0,12841.0,3112.0,2017-01-29T20:07:58Z,2024-10-23T13:47:32Z,5455,33,5455,10943,7.74,0.0,0,0.1,34,12,0.0,0.0,1.0,1.0,0.0,2.0,1.0,842.0,,,,,brick-boilerplate,brick-boilerplate,https://avatars.githubusercontent.com/u/131524?v=4,Mozilla,United States(California),10.46,0.03,0,12.1,1,3,16,ISC,38289313.0,7091.0,2336.0,15,0,0,15,1,1,0.0.0,2,0,2,0.0,0.0,0.0,0.0,0.0,0.0,0.0,20.0,0,3,7,44,14
eslint-config-prettier,115858400.0,12841.0,3112.0,2017-01-29T20:07:58Z,2024-10-23T13:47:32Z,5455,33,5455,10943,7.74,0.0,0,0.1,34,12,0.0,0.0,1.0,1.0,0.0,2.0,1.0,842.0,,,,,karma,karma,https://avatars.githubusercontent.com/u/3284117?v=4,karma-runner,unknown,13.04,0.01,0,2.47,340,379,24233,MIT,396432213.0,16410.0,3625.0,39,24,0,63,213,5,6.4.4,2,1,2,0.0,0.0,0.0,0.0,0.0,0.0,0.0,2850.0,0,5,21,31,7
eslint-config-prettier,115858400.0,12841.0,3112.0,2017-01-29T20:07:58Z,2024-10-23T13:47:32Z,5455,33,5455,10943,7.74,0.0,0,0.1,34,12,0.0,0.0,1.0,1.0,0.0,2.0,1.0,842.0,,,,,karma-mocha,karma-mocha,https://avatars.githubusercontent.com/u/3284117?v=4,karma-runner,unknown,11.66,0.44,5,158.92,34,86,768,MIT,70595576.0,15141.0,3734.0,29,1,0,30,23,5,2.0.1,3,3,2,0.0,0.0,0.0,0.0,0.0,0.0,0.0,184.0,0,4,27,80,17
eslint-config-prettier,115858400.0,12841.0,3112.0,2017-01-29T20:07:58Z,2024-10-23T13:47:32Z,5455,33,5455,10943,7.74,0.0,0,0.1,34,12,0.0,0.0,1.0,1.0,0.0,2.0,1.0,842.0,,,,,mock-fs,mock-fs,https://avatars.githubusercontent.com/u/41094?v=4,tschaub,unknown,10.96,0.03,0,10.85,38,67,1823,MIT,35342078.0,4192.0,1101.0,6,0,0,6,85,1,5.4.0,2,1,2,0.0,0.0,0.0,0.0,0.0,0.0,0.0,733.0,0,0,0,0,0
eslint-config-prettier,115858400.0,12841.0,3112.0,2017-01-29T20:07:58Z,2024-10-23T13:47:32Z,5455,33,5455,10943,7.74,0.0,0,0.1,34,12,0.0,0.0,1.0,1.0,0.0,2.0,1.0,842.0,,,,,eslint-config-tschaub,eslint-config-tschaub,https://avatars.githubusercontent.com/u/41094?v=4,tschaub,unknown,9.34,2.7,32,986.02,3,0,3,MIT,32631142.0,3597.0,839.0,6,6,0,12,22,1,14.1.2,2,1,2,0.0,0.0,0.0,0.0,0.0,0.0,0.0,101.0,0,0,1,2,0
eslint-config-prettier,115858400.0,12841.0,3112.0,2017-01-29T20:07:58Z,2024-10-23T13:47:32Z,5455,33,5455,10943,7.74,0.0,0,0.1,34,12,0.0,0.0,1.0,1.0,0.0,2.0,1.0,842.0,,,,,eslint-config-prettier,eslint-config-prettier,https://avatars.githubusercontent.com/u/25822731?v=4,prettier,unknown,7.74,0.0,0,0.1,34,12,10943,MIT,115858400.0,12841.0,3112.0,25,0,0,25,72,3,9.1.0,1,1,0,0.0,0.0,0.0,0.0,0.0,0.0,0.0,381.0,0,0,1,1,0
eslint-plugin-jsdoc,2821121.0,269.0,44.0,2015-09-18T21:17:09Z,2024-10-22T16:16:22Z,1091,7,1091,2189,9.1,0.0,0,0.99,98,46,,,,,,,,,,,,,brick-boilerplate,brick-boilerplate,https://avatars.githubusercontent.com/u/131524?v=4,Mozilla,United States(California),10.46,0.03,0,12.1,1,3,16,ISC,38289313.0,7091.0,2336.0,15,0,0,15,1,1,0.0.0,2,0,2,0.0,0.0,0.0,0.0,0.0,0.0,0.0,20.0,0,3,7,44,14
eslint-plugin-jsdoc,2821121.0,269.0,44.0,2015-09-18T21:17:09Z,2024-10-22T16:16:22Z,1091,7,1091,2189,9.1,0.0,0,0.99,98,46,,,,,,,,,,,,,karma,karma,https://avatars.githubusercontent.com/u/3284117?v=4,karma-runner,unknown,13.04,0.01,0,2.47,340,379,24233,MIT,396432213.0,16410.0,3625.0,39,24,0,63,213,5,6.4.4,2,1,2,0.0,0.0,0.0,0.0,0.0,0.0,0.0,2850.0,0,5,21,31,7
eslint-plugin-jsdoc,2821121.0,269.0,44.0,2015-09-18T21:17:09Z,2024-10-22T16:16:22Z,1091,7,1091,2189,9.1,0.0,0,0.99,98,46,,,,,,,,,,,,,karma-mocha,karma-mocha,https://avatars.githubusercontent.com/u/3284117?v=4,karma-runner,unknown,11.66,0.44,5,158.92,34,86,768,MIT,70595576.0,15141.0,3734.0,29,1,0,30,23,5,2.0.1,3,3,2,0.0,0.0,0.0,0.0,0.0,0.0,0.0,184.0,0,4,27,80,17
eslint-plugin-jsdoc,2821121.0,269.0,44.0,2015-09-18T21:17:09Z,2024-10-22T16:16:22Z,1091,7,1091,2189,9.1,0.0,0,0.99,98,46,,,,,,,,,,,,,mock-fs,mock-fs,https://avatars.githubusercontent.com/u/41094?v=4,tschaub,unknown,10.96,0.03,0,10.85,38,67,1823,MIT,35342078.0,4192.0,1101.0,6,0,0,6,85,1,5.4.0,2,1,2,0.0,0.0,0.0,0.0,0.0,0.0,0.0,733.0,0,0,0,0,0
eslint-plugin-jsdoc,2821121.0,269.0,44.0,2015-09-18T21:17:09Z,2024-10-22T16:16:22Z,1091,7,1091,2189,9.1,0.0,0,0.99,98,46,,,,,,,,,,,,,eslint-config-tschaub,eslint-config-tschaub,https://avatars.githubusercontent.com/u/41094?v=4,tschaub,unknown,9.34,2.7,32,986.02,3,0,3,MIT,32631142.0,3597.0,839.0,6,6,0,12,22,1,14.1.2,2,1,2,0.0,0.0,0.0,0.0,0.0,0.0,0.0,101.0,0,0,1,2,0
eslint-plugin-jsdoc,2821121.0,269.0,44.0,2015-09-18T21:17:09Z,2024-10-22T16:16:22Z,1091,7,1091,2189,9.1,0.0,0,0.99,98,46,,,,,,,,,,,,,eslint-plugin-jsdoc,eslint-plugin-jsdoc,https://avatars.githubusercontent.com/u/973543?v=4,gajus,United Kingdom,9.1,0.0,0,0.99,98,46,2189,BSD-3-Clause,2821121.0,269.0,44.0,0,0,0,0,661,1,50.4.3,1,1,0,0.0,0.0,0.0,0.0,0.0,0.0,0.0,2114.0,0,0,0,0,0
eslint-plugin-prettier,295940.0,40.0,52.0,2017-01-26T04:09:32Z,2024-10-23T14:51:53Z,3317,23,3317,6657,7.75,0.0,0,0.05,37,19,,,,,,,,,,,,,brick-boilerplate,brick-boilerplate,https://avatars.githubusercontent.com/u/131524?v=4,Mozilla,United States(California),10.46,0.03,0,12.1,1,3,16,ISC,38289313.0,7091.0,2336.0,15,0,0,15,1,1,0.0.0,2,0,2,0.0,0.0,0.0,0.0,0.0,0.0,0.0,20.0,0,3,7,44,14
eslint-plugin-prettier,295940.0,40.0,52.0,2017-01-26T04:09:32Z,2024-10-23T14:51:53Z,3317,23,3317,6657,7.75,0.0,0,0.05,37,19,,,,,,,,,,,,,karma,karma,https://avatars.githubusercontent.com/u/3284117?v=4,karma-runner,unknown,13.04,0.01,0,2.47,340,379,24233,MIT,396432213.0,16410.0,3625.0,39,24,0,63,213,5,6.4.4,2,1,2,0.0,0.0,0.0,0.0,0.0,0.0,0.0,2850.0,0,5,21,31,7
eslint-plugin-prettier,295940.0,40.0,52.0,2017-01-26T04:09:32Z,2024-10-23T14:51:53Z,3317,23,3317,6657,7.75,0.0,0,0.05,37,19,,,,,,,,,,,,,karma-mocha,karma-mocha,https://avatars.githubusercontent.com/u/3284117?v=4,karma-runner,unknown,11.66,0.44,5,158.92,34,86,768,MIT,70595576.0,15141.0,3734.0,29,1,0,30,23,5,2.0.1,3,3,2,0.0,0.0,0.0,0.0,0.0,0.0,0.0,184.0,0,4,27,80,17
eslint-plugin-prettier,295940.0,40.0,52.0,2017-01-26T04:09:32Z,2024-10-23T14:51:53Z,3317,23,3317,6657,7.75,0.0,0,0.05,37,19,,,,,,,,,,,,,mock-fs,mock-fs,https://avatars.githubusercontent.com/u/41094?v=4,tschaub,unknown,10.96,0.03,0,10.85,38,67,1823,MIT,35342078.0,4192.0,1101.0,6,0,0,6,85,1,5.4.0,2,1,2,0.0,0.0,0.0,0.0,0.0,0.0,0.0,733.0,0,0,0,0,0
eslint-plugin-prettier,295940.0,40.0,52.0,2017-01-26T04:09:32Z,2024-10-23T14:51:53Z,3317,23,3317,6657,7.75,0.0,0,0.05,37,19,,,,,,,,,,,,,eslint-config-tschaub,eslint-config-tschaub,https://avatars.githubusercontent.com/u/41094?v=4,tschaub,unknown,9.34,2.7,32,986.02,3,0,3,MIT,32631142.0,3597.0,839.0,6,6,0,12,22,1,14.1.2,3,1,3,0.0,0.0,0.0,0.0,0.0,0.0,0.0,101.0,0,0,1,2,0
eslint-plugin-prettier,295940.0,40.0,52.0,2017-01-26T04:09:32Z,2024-10-23T14:51:53Z,3317,23,3317,6657,7.75,0.0,0,0.05,37,19,,,,,,,,,,,,,eslint-config-prettier,eslint-config-prettier,https://avatars.githubusercontent.com/u/25822731?v=4,prettier,unknown,7.74,0.0,0,0.1,34,12,10943,MIT,115858400.0,12841.0,3112.0,25,0,0,25,72,3,9.1.0,2,1,2,0.0,0.0,0.0,0.0,0.0,0.0,0.0,381.0,0,0,1,1,0
eslint-plugin-prettier,295940.0,40.0,52.0,2017-01-26T04:09:32Z,2024-10-23T14:51:53Z,3317,23,3317,6657,7.75,0.0,0,0.05,37,19,,,,,,,,,,,,,eslint-plugin-prettier,eslint-plugin-prettier,https://avatars.githubusercontent.com/u/25822731?v=4,prettier,unknown,7.75,0.0,0,0.05,37,19,6657,MIT,295940.0,40.0,52.0,0,0,0,0,41,6,5.2.1,2,2,0,0.0,0.0,0.0,0.0,0.0,0.0,0.0,301.0,0,0,0,0,0
eslint-plugin-react-hooks,,,,2013-05-24T16:15:54Z,2024-10-23T16:03:00Z,228591,6607,228591,463789,11.42,0.0,0,0.0,413,837,,,,,,,,,,,,,brick-boilerplate,brick-boilerplate,https://avatars.githubusercontent.com/u/131524?v=4,Mozilla,United States(California),10.46,0.03,0,12.1,1,3,16,ISC,38289313.0,7091.0,2336.0,15,0,0,15,1,1,0.0.0,2,0,2,0.0,0.0,0.0,0.0,0.0,0.0,0.0,20.0,0,3,7,44,14
eslint-plugin-react-hooks,,,,2013-05-24T16:15:54Z,2024-10-23T16:03:00Z,228591,6607,228591,463789,11.42,0.0,0,0.0,413,837,,,,,,,,,,,,,karma,karma,https://avatars.githubusercontent.com/u/3284117?v=4,karma-runner,unknown,13.04,0.01,0,2.47,340,379,24233,MIT,396432213.0,16410.0,3625.0,39,24,0,63,213,5,6.4.4,2,1,2,0.0,0.0,0.0,0.0,0.0,0.0,0.0,2850.0,0,5,21,31,7
eslint-plugin-react-hooks,,,,2013-05-24T16:15:54Z,2024-10-23T16:03:00Z,228591,6607,228591,463789,11.42,0.0,0,0.0,413,837,,,,,,,,,,,,,karma-mocha,karma-mocha,https://avatars.githubusercontent.com/u/3284117?v=4,karma-runner,unknown,11.66,0.44,5,158.92,34,86,768,MIT,70595576.0,15141.0,3734.0,29,1,0,30,23,5,2.0.1,3,3,2,0.0,0.0,0.0,0.0,0.0,0.0,0.0,184.0,0,4,27,80,17
eslint-plugin-react-hooks,,,,2013-05-24T16:15:54Z,2024-10-23T16:03:00Z,228591,6607,228591,463789,11.42,0.0,0,0.0,413,837,,,,,,,,,,,,,mock-fs,mock-fs,https://avatars.githubusercontent.com/u/41094?v=4,tschaub,unknown,10.96,0.03,0,10.85,38,67,1823,MIT,35342078.0,4192.0,1101.0,6,0,0,6,85,1,5.4.0,2,1,2,0.0,0.0,0.0,0.0,0.0,0.0,0.0,733.0,0,0,0,0,0
eslint-plugin-react-hooks,,,,2013-05-24T16:15:54Z,2024-10-23T16:03:00Z,228591,6607,228591,463789,11.42,0.0,0,0.0,413,837,,,,,,,,,,,,,eslint-config-tschaub,eslint-config-tschaub,https://avatars.githubusercontent.com/u/41094?v=4,tschaub,unknown,9.34,2.7,32,986.02,3,0,3,MIT,32631142.0,3597.0,839.0,6,6,0,12,22,1,14.1.2,2,1,2,0.0,0.0,0.0,0.0,0.0,0.0,0.0,101.0,0,0,1,2,0
eslint-plugin-react-hooks,,,,2013-05-24T16:15:54Z,2024-10-23T16:03:00Z,228591,6607,228591,463789,11.42,0.0,0,0.0,413,837,,,,,,,,,,,,,eslint-plugin-react-hooks,eslint-plugin-react-hooks,https://avatars.githubusercontent.com/u/69631?v=4,facebook,United States(California),11.42,0.0,0,0.0,413,837,463789,MIT,,,,0,0,0,0,1858,7,5.0.0,1,1,0,,,,,,,,,0,0,0,0,0
eslint-plugin-sort-imports-es6-autofix,69519679.0,4151.0,872.0,2017-02-11T10:17:31Z,2023-03-14T09:37:29Z,83,4,83,170,7.7,1.61,19,589.27,8,17,0.0,1.0,3.0,7.0,6.0,17.0,1.0,224.0,,,,,brick-boilerplate,brick-boilerplate,https://avatars.githubusercontent.com/u/131524?v=4,Mozilla,United States(California),10.46,0.03,0,12.1,1,3,16,ISC,38289313.0,7091.0,2336.0,15,0,0,15,1,1,0.0.0,2,0,2,0.0,0.0,0.0,0.0,0.0,0.0,0.0,20.0,0,3,7,44,14
eslint-plugin-sort-imports-es6-autofix,69519679.0,4151.0,872.0,2017-02-11T10:17:31Z,2023-03-14T09:37:29Z,83,4,83,170,7.7,1.61,19,589.27,8,17,0.0,1.0,3.0,7.0,6.0,17.0,1.0,224.0,,,,,karma,karma,https://avatars.githubusercontent.com/u/3284117?v=4,karma-runner,unknown,13.04,0.01,0,2.47,340,379,24233,MIT,396432213.0,16410.0,3625.0,39,24,0,63,213,5,6.4.4,2,1,2,0.0,0.0,0.0,0.0,0.0,0.0,0.0,2850.0,0,5,21,31,7
eslint-plugin-sort-imports-es6-autofix,69519679.0,4151.0,872.0,2017-02-11T10:17:31Z,2023-03-14T09:37:29Z,83,4,83,170,7.7,1.61,19,589.27,8,17,0.0,1.0,3.0,7.0,6.0,17.0,1.0,224.0,,,,,karma-mocha,karma-mocha,https://avatars.githubusercontent.com/u/3284117?v=4,karma-runner,unknown,11.66,0.44,5,158.92,34,86,768,MIT,70595576.0,15141.0,3734.0,29,1,0,30,23,5,2.0.1,3,3,2,0.0,0.0,0.0,0.0,0.0,0.0,0.0,184.0,0,4,27,80,17
eslint-plugin-sort-imports-es6-autofix,69519679.0,4151.0,872.0,2017-02-11T10:17:31Z,2023-03-14T09:37:29Z,83,4,83,170,7.7,1.61,19,589.27,8,17,0.0,1.0,3.0,7.0,6.0,17.0,1.0,224.0,,,,,mock-fs,mock-fs,https://avatars.githubusercontent.com/u/41094?v=4,tschaub,unknown,10.96,0.03,0,10.85,38,67,1823,MIT,35342078.0,4192.0,1101.0,6,0,0,6,85,1,5.4.0,2,1,2,0.0,0.0,0.0,0.0,0.0,0.0,0.0,733.0,0,0,0,0,0
eslint-plugin-sort-imports-es6-autofix,69519679.0,4151.0,872.0,2017-02-11T10:17:31Z,2023-03-14T09:37:29Z,83,4,83,170,7.7,1.61,19,589.27,8,17,0.0,1.0,3.0,7.0,6.0,17.0,1.0,224.0,,,,,eslint-config-tschaub,eslint-config-tschaub,https://avatars.githubusercontent.com/u/41094?v=4,tschaub,unknown,9.34,2.7,32,986.02,3,0,3,MIT,32631142.0,3597.0,839.0,6,6,0,12,22,1,14.1.2,2,1,2,0.0,0.0,0.0,0.0,0.0,0.0,0.0,101.0,0,0,1,2,0
eslint-plugin-sort-imports-es6-autofix,69519679.0,4151.0,872.0,2017-02-11T10:17:31Z,2023-03-14T09:37:29Z,83,4,83,170,7.7,1.61,19,589.27,8,17,0.0,1.0,3.0,7.0,6.0,17.0,1.0,224.0,,,,,eslint-plugin-sort-imports-es6-autofix,eslint-plugin-sort-imports-es6-autofix,https://avatars.githubusercontent.com/u/22770059?v=4,schuchertmanagementberatung,unknown,7.7,1.61,19,589.27,8,17,170,MIT,69519679.0,4151.0,872.0,5,0,0,5,9,1,0.6.0,1,1,0,0.0,0.0,0.0,0.0,0.0,0.0,0.0,59.0,0,1,3,7,6
prettier,,,,2016-11-29T17:13:37Z,2024-10-23T15:27:36Z,49309,420,49309,99038,7.9,0.0,0,0.03,432,1395,,,,,,,,,,,,,brick-boilerplate,brick-boilerplate,https://avatars.githubusercontent.com/u/131524?v=4,Mozilla,United States(California),10.46,0.03,0,12.1,1,3,16,ISC,38289313.0,7091.0,2336.0,15,0,0,15,1,1,0.0.0,2,0,2,0.0,0.0,0.0,0.0,0.0,0.0,0.0,20.0,0,3,7,44,14
prettier,,,,2016-11-29T17:13:37Z,2024-10-23T15:27:36Z,49309,420,49309,99038,7.9,0.0,0,0.03,432,1395,,,,,,,,,,,,,karma,karma,https://avatars.githubusercontent.com/u/3284117?v=4,karma-runner,unknown,13.04,0.01,0,2.47,340,379,24233,MIT,396432213.0,16410.0,3625.0,39,24,0,63,213,5,6.4.4,4,4,3,0.0,0.0,0.0,0.0,0.0,0.0,0.0,2850.0,0,5,21,31,7
prettier,,,,2016-11-29T17:13:37Z,2024-10-23T15:27:36Z,49309,420,49309,99038,7.9,0.0,0,0.03,432,1395,,,,,,,,,,,,,karma-mocha,karma-mocha,https://avatars.githubusercontent.com/u/3284117?v=4,karma-runner,unknown,11.66,0.44,5,158.92,34,86,768,MIT,70595576.0,15141.0,3734.0,29,1,0,30,23,5,2.0.1,4,3,4,0.0,0.0,0.0,0.0,0.0,0.0,0.0,184.0,0,4,27,80,17
prettier,,,,2016-11-29T17:13:37Z,2024-10-23T15:27:36Z,49309,420,49309,99038,7.9,0.0,0,0.03,432,1395,,,,,,,,,,,,,mock-fs,mock-fs,https://avatars.githubusercontent.com/u/41094?v=4,tschaub,unknown,10.96,0.03,0,10.85,38,67,1823,MIT,35342078.0,4192.0,1101.0,6,0,0,6,85,1,5.4.0,3,1,3,0.0,0.0,0.0,0.0,0.0,0.0,0.0,733.0,0,0,0,0,0
prettier,,,,2016-11-29T17:13:37Z,2024-10-23T15:27:36Z,49309,420,49309,99038,7.9,0.0,0,0.03,432,1395,,,,,,,,,,,,,eslint-config-tschaub,eslint-config-tschaub,https://avatars.githubusercontent.com/u/41094?v=4,tschaub,unknown,9.34,2.7,32,986.02,3,0,3,MIT,32631142.0,3597.0,839.0,6,6,0,12,22,1,14.1.2,3,1,3,0.0,0.0,0.0,0.0,0.0,0.0,0.0,101.0,0,0,1,2,0
prettier,,,,2016-11-29T17:13:37Z,2024-10-23T15:27:36Z,49309,420,49309,99038,7.9,0.0,0,0.03,432,1395,,,,,,,,,,,,,eslint-config-prettier,eslint-config-prettier,https://avatars.githubusercontent.com/u/25822731?v=4,prettier,unknown,7.74,0.0,0,0.1,34,12,10943,MIT,115858400.0,12841.0,3112.0,25,0,0,25,72,3,9.1.0,3,1,3,0.0,0.0,0.0,0.0,0.0,0.0,0.0,381.0,0,0,1,1,0
prettier,,,,2016-11-29T17:13:37Z,2024-10-23T15:27:36Z,49309,420,49309,99038,7.9,0.0,0,0.03,432,1395,,,,,,,,,,,,,eslint-plugin-flowtype,eslint-plugin-flowtype,https://avatars.githubusercontent.com/u/973543?v=4,gajus,United Kingdom,8.7,0.01,0,2.28,70,40,2164,BSD-3-Clause,164566156.0,28293.0,5501.0,21,2,0,23,185,1,8.0.3,2,1,2,0.0,0.0,0.0,0.0,0.0,0.0,0.0,604.0,0,0,15,15,4
prettier,,,,2016-11-29T17:13:37Z,2024-10-23T15:27:36Z,49309,420,49309,99038,7.9,0.0,0,0.03,432,1395,,,,,,,,,,,,,rimraf,rimraf,https://avatars.githubusercontent.com/u/9287?v=4,isaacs,United States(California),13.72,0.0,0,0.96,31,10,11335,ISC,73022586.0,7616.0,2770.0,6,2,0,8,82,1,6.0.1,4,4,2,0.0,0.0,0.0,0.0,0.0,0.0,0.0,317.0,0,0,0,0,0
prettier,,,,2016-11-29T17:13:37Z,2024-10-23T15:27:36Z,49309,420,49309,99038,7.9,0.0,0,0.03,432,1395,,,,,,,,,,,,,prettier,prettier,https://avatars.githubusercontent.com/u/25822731?v=4,prettier,unknown,7.9,0.0,0,0.03,432,1395,99038,MIT,,,,0,0,0,0,164,11,3.3.3,3,3,0,0.0,0.0,0.0,0.0,0.0,0.0,0.0,6173.0,0,0,0,0,0
prop-types,39494362.0,9519.0,1580.0,2017-04-08T00:50:30Z,2024-10-22T11:25:50Z,4484,53,4484,9021,7.55,0.0,0,1.2,46,60,0.0,1.0,20.0,13.0,11.0,45.0,5.0,563.0,,,,,brick-boilerplate,brick-boilerplate,https://avatars.githubusercontent.com/u/131524?v=4,Mozilla,United States(California),10.46,0.03,0,12.1,1,3,16,ISC,38289313.0,7091.0,2336.0,15,0,0,15,1,1,0.0.0,2,0,2,0.0,0.0,0.0,0.0,0.0,0.0,0.0,20.0,0,3,7,44,14
prop-types,39494362.0,9519.0,1580.0,2017-04-08T00:50:30Z,2024-10-22T11:25:50Z,4484,53,4484,9021,7.55,0.0,0,1.2,46,60,0.0,1.0,20.0,13.0,11.0,45.0,5.0,563.0,,,,,karma,karma,https://avatars.githubusercontent.com/u/3284117?v=4,karma-runner,unknown,13.04,0.01,0,2.47,340,379,24233,MIT,396432213.0,16410.0,3625.0,39,24,0,63,213,5,6.4.4,2,1,2,0.0,0.0,0.0,0.0,0.0,0.0,0.0,2850.0,0,5,21,31,7
prop-types,39494362.0,9519.0,1580.0,2017-04-08T00:50:30Z,2024-10-22T11:25:50Z,4484,53,4484,9021,7.55,0.0,0,1.2,46,60,0.0,1.0,20.0,13.0,11.0,45.0,5.0,563.0,,,,,karma-mocha,karma-mocha,https://avatars.githubusercontent.com/u/3284117?v=4,karma-runner,unknown,11.66,0.44,5,158.92,34,86,768,MIT,70595576.0,15141.0,3734.0,29,1,0,30,23,5,2.0.1,3,3,2,0.0,0.0,0.0,0.0,0.0,0.0,0.0,184.0,0,4,27,80,17
prop-types,39494362.0,9519.0,1580.0,2017-04-08T00:50:30Z,2024-10-22T11:25:50Z,4484,53,4484,9021,7.55,0.0,0,1.2,46,60,0.0,1.0,20.0,13.0,11.0,45.0,5.0,563.0,,,,,mock-fs,mock-fs,https://avatars.githubusercontent.com/u/41094?v=4,tschaub,unknown,10.96,0.03,0,10.85,38,67,1823,MIT,35342078.0,4192.0,1101.0,6,0,0,6,85,1,5.4.0,2,1,2,0.0,0.0,0.0,0.0,0.0,0.0,0.0,733.0,0,0,0,0,0
prop-types,39494362.0,9519.0,1580.0,2017-04-08T00:50:30Z,2024-10-22T11:25:50Z,4484,53,4484,9021,7.55,0.0,0,1.2,46,60,0.0,1.0,20.0,13.0,11.0,45.0,5.0,563.0,,,,,eslint-config-tschaub,eslint-config-tschaub,https://avatars.githubusercontent.com/u/41094?v=4,tschaub,unknown,9.34,2.7,32,986.02,3,0,3,MIT,32631142.0,3597.0,839.0,6,6,0,12,22,1,14.1.2,2,1,2,0.0,0.0,0.0,0.0,0.0,0.0,0.0,101.0,0,0,1,2,0
prop-types,39494362.0,9519.0,1580.0,2017-04-08T00:50:30Z,2024-10-22T11:25:50Z,4484,53,4484,9021,7.55,0.0,0,1.2,46,60,0.0,1.0,20.0,13.0,11.0,45.0,5.0,563.0,,,,,prop-types,prop-types,https://avatars.githubusercontent.com/u/69631?v=4,facebook,United States(California),7.55,0.0,0,1.2,46,60,9021,MIT,39494362.0,9519.0,1580.0,10,3,0,13,24,3,15.8.1,1,1,0,0.0,0.0,0.0,0.0,0.0,0.0,0.0,171.0,0,1,20,13,11
gulp-karma,11274419.0,3900.0,1133.0,2013-12-13T02:58:38Z,2023-01-28T08:42:54Z,75,8,75,158,10.87,1.74,21,634.25,4,6,0.0,2.0,4.0,18.0,7.0,31.0,100.0,14.0,,,,,brick-boilerplate,brick-boilerplate,https://avatars.githubusercontent.com/u/131524?v=4,Mozilla,United States(California),10.46,0.03,0,12.1,1,3,16,ISC,38289313.0,7091.0,2336.0,15,0,0,15,1,1,0.0.0,1,0,1,0.0,0.0,0.0,0.0,0.0,0.0,0.0,20.0,0,3,7,44,14
gulp-karma,11274419.0,3900.0,1133.0,2013-12-13T02:58:38Z,2023-01-28T08:42:54Z,75,8,75,158,10.87,1.74,21,634.25,4,6,0.0,2.0,4.0,18.0,7.0,31.0,100.0,14.0,,,,,gulp-karma,gulp-karma,https://avatars.githubusercontent.com/u/201344?v=4,lazd,United States(California),10.87,1.74,21,634.25,4,6,158,MIT,11274419.0,3900.0,1133.0,2,4,0,6,5,1,0.0.5,1,1,0,0.0,0.0,0.0,0.0,0.0,0.0,0.0,18.0,0,2,4,18,7
@babel/eslint-parser,39989504.0,31209.0,564.0,2014-09-28T13:38:23Z,2024-10-23T16:13:01Z,43226,806,43226,87258,10.08,0.0,0,0.0,417,782,,,,,,,,,,,,,brick-boilerplate,brick-boilerplate,https://avatars.githubusercontent.com/u/131524?v=4,Mozilla,United States(California),10.46,0.03,0,12.1,1,3,16,ISC,38289313.0,7091.0,2336.0,15,0,0,15,1,1,0.0.0,2,0,2,0.0,0.0,0.0,0.0,0.0,0.0,0.0,20.0,0,3,7,44,14
@babel/eslint-parser,39989504.0,31209.0,564.0,2014-09-28T13:38:23Z,2024-10-23T16:13:01Z,43226,806,43226,87258,10.08,0.0,0,0.0,417,782,,,,,,,,,,,,,karma,karma,https://avatars.githubusercontent.com/u/3284117?v=4,karma-runner,unknown,13.04,0.01,0,2.47,340,379,24233,MIT,396432213.0,16410.0,3625.0,39,24,0,63,213,5,6.4.4,2,1,2,0.0,0.0,0.0,0.0,0.0,0.0,0.0,2850.0,0,5,21,31,7
@babel/eslint-parser,39989504.0,31209.0,564.0,2014-09-28T13:38:23Z,2024-10-23T16:13:01Z,43226,806,43226,87258,10.08,0.0,0,0.0,417,782,,,,,,,,,,,,,karma-mocha,karma-mocha,https://avatars.githubusercontent.com/u/3284117?v=4,karma-runner,unknown,11.66,0.44,5,158.92,34,86,768,MIT,70595576.0,15141.0,3734.0,29,1,0,30,23,5,2.0.1,3,3,2,0.0,0.0,0.0,0.0,0.0,0.0,0.0,184.0,0,4,27,80,17
@babel/eslint-parser,39989504.0,31209.0,564.0,2014-09-28T13:38:23Z,2024-10-23T16:13:01Z,43226,806,43226,87258,10.08,0.0,0,0.0,417,782,,,,,,,,,,,,,mock-fs,mock-fs,https://avatars.githubusercontent.com/u/41094?v=4,tschaub,unknown,10.96,0.03,0,10.85,38,67,1823,MIT,35342078.0,4192.0,1101.0,6,0,0,6,85,1,5.4.0,2,1,2,0.0,0.0,0.0,0.0,0.0,0.0,0.0,733.0,0,0,0,0,0
@babel/eslint-parser,39989504.0,31209.0,564.0,2014-09-28T13:38:23Z,2024-10-23T16:13:01Z,43226,806,43226,87258,10.08,0.0,0,0.0,417,782,,,,,,,,,,,,,eslint-config-tschaub,eslint-config-tschaub,https://avatars.githubusercontent.com/u/41094?v=4,tschaub,unknown,9.34,2.7,32,986.02,3,0,3,MIT,32631142.0,3597.0,839.0,6,6,0,12,22,1,14.1.2,2,1,2,0.0,0.0,0.0,0.0,0.0,0.0,0.0,101.0,0,0,1,2,0
@babel/eslint-parser,39989504.0,31209.0,564.0,2014-09-28T13:38:23Z,2024-10-23T16:13:01Z,43226,806,43226,87258,10.08,0.0,0,0.0,417,782,,,,,,,,,,,,,eslint-config-prettier,eslint-config-prettier,https://avatars.githubusercontent.com/u/25822731?v=4,prettier,unknown,7.74,0.0,0,0.1,34,12,10943,MIT,115858400.0,12841.0,3112.0,25,0,0,25,72,3,9.1.0,3,1,3,0.0,0.0,0.0,0.0,0.0,0.0,0.0,381.0,0,0,1,1,0
@babel/eslint-parser,39989504.0,31209.0,564.0,2014-09-28T13:38:23Z,2024-10-23T16:13:01Z,43226,806,43226,87258,10.08,0.0,0,0.0,417,782,,,,,,,,,,,,,eslint-plugin-flowtype,eslint-plugin-flowtype,https://avatars.githubusercontent.com/u/973543?v=4,gajus,United Kingdom,8.7,0.01,0,2.28,70,40,2164,BSD-3-Clause,164566156.0,28293.0,5501.0,21,2,0,23,185,1,8.0.3,2,1,2,0.0,0.0,0.0,0.0,0.0,0.0,0.0,604.0,0,0,15,15,4
@babel/eslint-parser,39989504.0,31209.0,564.0,2014-09-28T13:38:23Z,2024-10-23T16:13:01Z,43226,806,43226,87258,10.08,0.0,0,0.0,417,782,,,,,,,,,,,,,@babel/eslint-parser,@babel/eslint-parser,https://avatars.githubusercontent.com/u/9637642?v=4,babel,Canada,10.08,0.0,0,0.0,417,782,87258,MIT,39989504.0,31209.0,564.0,0,0,0,0,72,4,7.25.9,2,2,0,,,,,,,,,0,0,0,0,0
@babel/eslint-plugin,39989504.0,31209.0,564.0,2014-09-28T13:38:23Z,2024-10-23T16:13:01Z,43226,806,43226,87258,10.08,0.0,0,0.0,417,782,,,,,,,,,,,,,brick-boilerplate,brick-boilerplate,https://avatars.githubusercontent.com/u/131524?v=4,Mozilla,United States(California),10.46,0.03,0,12.1,1,3,16,ISC,38289313.0,7091.0,2336.0,15,0,0,15,1,1,0.0.0,2,0,2,0.0,0.0,0.0,0.0,0.0,0.0,0.0,20.0,0,3,7,44,14
@babel/eslint-plugin,39989504.0,31209.0,564.0,2014-09-28T13:38:23Z,2024-10-23T16:13:01Z,43226,806,43226,87258,10.08,0.0,0,0.0,417,782,,,,,,,,,,,,,karma,karma,https://avatars.githubusercontent.com/u/3284117?v=4,karma-runner,unknown,13.04,0.01,0,2.47,340,379,24233,MIT,396432213.0,16410.0,3625.0,39,24,0,63,213,5,6.4.4,2,1,2,0.0,0.0,0.0,0.0,0.0,0.0,0.0,2850.0,0,5,21,31,7
@babel/eslint-plugin,39989504.0,31209.0,564.0,2014-09-28T13:38:23Z,2024-10-23T16:13:01Z,43226,806,43226,87258,10.08,0.0,0,0.0,417,782,,,,,,,,,,,,,karma-mocha,karma-mocha,https://avatars.githubusercontent.com/u/3284117?v=4,karma-runner,unknown,11.66,0.44,5,158.92,34,86,768,MIT,70595576.0,15141.0,3734.0,29,1,0,30,23,5,2.0.1,3,3,2,0.0,0.0,0.0,0.0,0.0,0.0,0.0,184.0,0,4,27,80,17
@babel/eslint-plugin,39989504.0,31209.0,564.0,2014-09-28T13:38:23Z,2024-10-23T16:13:01Z,43226,806,43226,87258,10.08,0.0,0,0.0,417,782,,,,,,,,,,,,,mock-fs,mock-fs,https://avatars.githubusercontent.com/u/41094?v=4,tschaub,unknown,10.96,0.03,0,10.85,38,67,1823,MIT,35342078.0,4192.0,1101.0,6,0,0,6,85,1,5.4.0,2,1,2,0.0,0.0,0.0,0.0,0.0,0.0,0.0,733.0,0,0,0,0,0
@babel/eslint-plugin,39989504.0,31209.0,564.0,2014-09-28T13:38:23Z,2024-10-23T16:13:01Z,43226,806,43226,87258,10.08,0.0,0,0.0,417,782,,,,,,,,,,,,,eslint-config-tschaub,eslint-config-tschaub,https://avatars.githubusercontent.com/u/41094?v=4,tschaub,unknown,9.34,2.7,32,986.02,3,0,3,MIT,32631142.0,3597.0,839.0,6,6,0,12,22,1,14.1.2,2,1,2,0.0,0.0,0.0,0.0,0.0,0.0,0.0,101.0,0,0,1,2,0
@babel/eslint-plugin,39989504.0,31209.0,564.0,2014-09-28T13:38:23Z,2024-10-23T16:13:01Z,43226,806,43226,87258,10.08,0.0,0,0.0,417,782,,,,,,,,,,,,,eslint-config-prettier,eslint-config-prettier,https://avatars.githubusercontent.com/u/25822731?v=4,prettier,unknown,7.74,0.0,0,0.1,34,12,10943,MIT,115858400.0,12841.0,3112.0,25,0,0,25,72,3,9.1.0,2,1,2,0.0,0.0,0.0,0.0,0.0,0.0,0.0,381.0,0,0,1,1,0
@babel/eslint-plugin,39989504.0,31209.0,564.0,2014-09-28T13:38:23Z,2024-10-23T16:13:01Z,43226,806,43226,87258,10.08,0.0,0,0.0,417,782,,,,,,,,,,,,,@babel/eslint-plugin,@babel/eslint-plugin,https://avatars.githubusercontent.com/u/9637642?v=4,babel,Canada,10.08,0.0,0,0.0,417,782,87258,MIT,39989504.0,31209.0,564.0,0,0,0,0,42,4,7.25.9,1,1,0,,,,,,,,,0,0,0,0,0
@babel/plugin-syntax-flow,39989504.0,31209.0,564.0,2014-09-28T13:38:23Z,2024-10-23T16:13:01Z,43226,806,43226,87258,10.08,0.0,0,0.01,417,782,,,,,,,,,,,,,brick-boilerplate,brick-boilerplate,https://avatars.githubusercontent.com/u/131524?v=4,Mozilla,United States(California),10.46,0.03,0,12.1,1,3,16,ISC,38289313.0,7091.0,2336.0,15,0,0,15,1,1,0.0.0,2,0,2,0.0,0.0,0.0,0.0,0.0,0.0,0.0,20.0,0,3,7,44,14
@babel/plugin-syntax-flow,39989504.0,31209.0,564.0,2014-09-28T13:38:23Z,2024-10-23T16:13:01Z,43226,806,43226,87258,10.08,0.0,0,0.01,417,782,,,,,,,,,,,,,karma,karma,https://avatars.githubusercontent.com/u/3284117?v=4,karma-runner,unknown,13.04,0.01,0,2.47,340,379,24233,MIT,396432213.0,16410.0,3625.0,39,24,0,63,213,5,6.4.4,2,1,2,0.0,0.0,0.0,0.0,0.0,0.0,0.0,2850.0,0,5,21,31,7
@babel/plugin-syntax-flow,39989504.0,31209.0,564.0,2014-09-28T13:38:23Z,2024-10-23T16:13:01Z,43226,806,43226,87258,10.08,0.0,0,0.01,417,782,,,,,,,,,,,,,karma-mocha,karma-mocha,https://avatars.githubusercontent.com/u/3284117?v=4,karma-runner,unknown,11.66,0.44,5,158.92,34,86,768,MIT,70595576.0,15141.0,3734.0,29,1,0,30,23,5,2.0.1,3,3,2,0.0,0.0,0.0,0.0,0.0,0.0,0.0,184.0,0,4,27,80,17
@babel/plugin-syntax-flow,39989504.0,31209.0,564.0,2014-09-28T13:38:23Z,2024-10-23T16:13:01Z,43226,806,43226,87258,10.08,0.0,0,0.01,417,782,,,,,,,,,,,,,mock-fs,mock-fs,https://avatars.githubusercontent.com/u/41094?v=4,tschaub,unknown,10.96,0.03,0,10.85,38,67,1823,MIT,35342078.0,4192.0,1101.0,6,0,0,6,85,1,5.4.0,2,1,2,0.0,0.0,0.0,0.0,0.0,0.0,0.0,733.0,0,0,0,0,0
@babel/plugin-syntax-flow,39989504.0,31209.0,564.0,2014-09-28T13:38:23Z,2024-10-23T16:13:01Z,43226,806,43226,87258,10.08,0.0,0,0.01,417,782,,,,,,,,,,,,,eslint-config-tschaub,eslint-config-tschaub,https://avatars.githubusercontent.com/u/41094?v=4,tschaub,unknown,9.34,2.7,32,986.02,3,0,3,MIT,32631142.0,3597.0,839.0,6,6,0,12,22,1,14.1.2,2,1,2,0.0,0.0,0.0,0.0,0.0,0.0,0.0,101.0,0,0,1,2,0
@babel/plugin-syntax-flow,39989504.0,31209.0,564.0,2014-09-28T13:38:23Z,2024-10-23T16:13:01Z,43226,806,43226,87258,10.08,0.0,0,0.01,417,782,,,,,,,,,,,,,eslint-config-prettier,eslint-config-prettier,https://avatars.githubusercontent.com/u/25822731?v=4,prettier,unknown,7.74,0.0,0,0.1,34,12,10943,MIT,115858400.0,12841.0,3112.0,25,0,0,25,72,3,9.1.0,3,1,3,0.0,0.0,0.0,0.0,0.0,0.0,0.0,381.0,0,0,1,1,0
@babel/plugin-syntax-flow,39989504.0,31209.0,564.0,2014-09-28T13:38:23Z,2024-10-23T16:13:01Z,43226,806,43226,87258,10.08,0.0,0,0.01,417,782,,,,,,,,,,,,,eslint-plugin-flowtype,eslint-plugin-flowtype,https://avatars.githubusercontent.com/u/973543?v=4,gajus,United Kingdom,8.7,0.01,0,2.28,70,40,2164,BSD-3-Clause,164566156.0,28293.0,5501.0,21,2,0,23,185,1,8.0.3,2,1,2,0.0,0.0,0.0,0.0,0.0,0.0,0.0,604.0,0,0,15,15,4
@babel/plugin-syntax-flow,39989504.0,31209.0,564.0,2014-09-28T13:38:23Z,2024-10-23T16:13:01Z,43226,806,43226,87258,10.08,0.0,0,0.01,417,782,,,,,,,,,,,,,@babel/plugin-syntax-flow,@babel/plugin-syntax-flow,https://avatars.githubusercontent.com/u/9637642?v=4,babel,Canada,10.08,0.0,0,0.01,417,782,87258,MIT,39989504.0,31209.0,564.0,0,0,0,0,75,4,7.25.9,2,2,0,,,,,,,,,0,0,0,0,0
@babel/plugin-syntax-jsx,39989504.0,31209.0,564.0,2014-09-28T13:38:23Z,2024-10-23T16:13:01Z,43226,806,43226,87258,10.08,0.0,0,0.01,417,782,,,,,,,,,,,,,brick-boilerplate,brick-boilerplate,https://avatars.githubusercontent.com/u/131524?v=4,Mozilla,United States(California),10.46,0.03,0,12.1,1,3,16,ISC,38289313.0,7091.0,2336.0,15,0,0,15,1,1,0.0.0,2,0,2,0.0,0.0,0.0,0.0,0.0,0.0,0.0,20.0,0,3,7,44,14
@babel/plugin-syntax-jsx,39989504.0,31209.0,564.0,2014-09-28T13:38:23Z,2024-10-23T16:13:01Z,43226,806,43226,87258,10.08,0.0,0,0.01,417,782,,,,,,,,,,,,,karma,karma,https://avatars.githubusercontent.com/u/3284117?v=4,karma-runner,unknown,13.04,0.01,0,2.47,340,379,24233,MIT,396432213.0,16410.0,3625.0,39,24,0,63,213,5,6.4.4,2,1,2,0.0,0.0,0.0,0.0,0.0,0.0,0.0,2850.0,0,5,21,31,7
@babel/plugin-syntax-jsx,39989504.0,31209.0,564.0,2014-09-28T13:38:23Z,2024-10-23T16:13:01Z,43226,806,43226,87258,10.08,0.0,0,0.01,417,782,,,,,,,,,,,,,karma-mocha,karma-mocha,https://avatars.githubusercontent.com/u/3284117?v=4,karma-runner,unknown,11.66,0.44,5,158.92,34,86,768,MIT,70595576.0,15141.0,3734.0,29,1,0,30,23,5,2.0.1,3,3,2,0.0,0.0,0.0,0.0,0.0,0.0,0.0,184.0,0,4,27,80,17
@babel/plugin-syntax-jsx,39989504.0,31209.0,564.0,2014-09-28T13:38:23Z,2024-10-23T16:13:01Z,43226,806,43226,87258,10.08,0.0,0,0.01,417,782,,,,,,,,,,,,,mock-fs,mock-fs,https://avatars.githubusercontent.com/u/41094?v=4,tschaub,unknown,10.96,0.03,0,10.85,38,67,1823,MIT,35342078.0,4192.0,1101.0,6,0,0,6,85,1,5.4.0,2,1,2,0.0,0.0,0.0,0.0,0.0,0.0,0.0,733.0,0,0,0,0,0
@babel/plugin-syntax-jsx,39989504.0,31209.0,564.0,2014-09-28T13:38:23Z,2024-10-23T16:13:01Z,43226,806,43226,87258,10.08,0.0,0,0.01,417,782,,,,,,,,,,,,,eslint-config-tschaub,eslint-config-tschaub,https://avatars.githubusercontent.com/u/41094?v=4,tschaub,unknown,9.34,2.7,32,986.02,3,0,3,MIT,32631142.0,3597.0,839.0,6,6,0,12,22,1,14.1.2,2,1,2,0.0,0.0,0.0,0.0,0.0,0.0,0.0,101.0,0,0,1,2,0
@babel/plugin-syntax-jsx,39989504.0,31209.0,564.0,2014-09-28T13:38:23Z,2024-10-23T16:13:01Z,43226,806,43226,87258,10.08,0.0,0,0.01,417,782,,,,,,,,,,,,,eslint-config-prettier,eslint-config-prettier,https://avatars.githubusercontent.com/u/25822731?v=4,prettier,unknown,7.74,0.0,0,0.1,34,12,10943,MIT,115858400.0,12841.0,3112.0,25,0,0,25,72,3,9.1.0,3,1,3,0.0,0.0,0.0,0.0,0.0,0.0,0.0,381.0,0,0,1,1,0
@babel/plugin-syntax-jsx,39989504.0,31209.0,564.0,2014-09-28T13:38:23Z,2024-10-23T16:13:01Z,43226,806,43226,87258,10.08,0.0,0,0.01,417,782,,,,,,,,,,,,,eslint-plugin-flowtype,eslint-plugin-flowtype,https://avatars.githubusercontent.com/u/973543?v=4,gajus,United Kingdom,8.7,0.01,0,2.28,70,40,2164,BSD-3-Clause,164566156.0,28293.0,5501.0,21,2,0,23,185,1,8.0.3,2,1,2,0.0,0.0,0.0,0.0,0.0,0.0,0.0,604.0,0,0,15,15,4
@babel/plugin-syntax-jsx,39989504.0,31209.0,564.0,2014-09-28T13:38:23Z,2024-10-23T16:13:01Z,43226,806,43226,87258,10.08,0.0,0,0.01,417,782,,,,,,,,,,,,,@babel/plugin-syntax-jsx,@babel/plugin-syntax-jsx,https://avatars.githubusercontent.com/u/9637642?v=4,babel,Canada,10.08,0.0,0,0.01,417,782,87258,MIT,39989504.0,31209.0,564.0,0,0,0,0,74,4,7.25.9,2,2,0,,,,,,,,,0,0,0,0,0
@babel/plugin-transform-react-jsx,39989504.0,31209.0,564.0,2014-09-28T13:38:23Z,2024-10-23T16:13:01Z,43226,806,43226,87258,10.08,0.0,0,0.01,417,782,,,,,,,,,,,,,brick-boilerplate,brick-boilerplate,https://avatars.githubusercontent.com/u/131524?v=4,Mozilla,United States(California),10.46,0.03,0,12.1,1,3,16,ISC,38289313.0,7091.0,2336.0,15,0,0,15,1,1,0.0.0,2,0,2,0.0,0.0,0.0,0.0,0.0,0.0,0.0,20.0,0,3,7,44,14
@babel/plugin-transform-react-jsx,39989504.0,31209.0,564.0,2014-09-28T13:38:23Z,2024-10-23T16:13:01Z,43226,806,43226,87258,10.08,0.0,0,0.01,417,782,,,,,,,,,,,,,karma,karma,https://avatars.githubusercontent.com/u/3284117?v=4,karma-runner,unknown,13.04,0.01,0,2.47,340,379,24233,MIT,396432213.0,16410.0,3625.0,39,24,0,63,213,5,6.4.4,2,1,2,0.0,0.0,0.0,0.0,0.0,0.0,0.0,2850.0,0,5,21,31,7
@babel/plugin-transform-react-jsx,39989504.0,31209.0,564.0,2014-09-28T13:38:23Z,2024-10-23T16:13:01Z,43226,806,43226,87258,10.08,0.0,0,0.01,417,782,,,,,,,,,,,,,karma-mocha,karma-mocha,https://avatars.githubusercontent.com/u/3284117?v=4,karma-runner,unknown,11.66,0.44,5,158.92,34,86,768,MIT,70595576.0,15141.0,3734.0,29,1,0,30,23,5,2.0.1,3,3,2,0.0,0.0,0.0,0.0,0.0,0.0,0.0,184.0,0,4,27,80,17
@babel/plugin-transform-react-jsx,39989504.0,31209.0,564.0,2014-09-28T13:38:23Z,2024-10-23T16:13:01Z,43226,806,43226,87258,10.08,0.0,0,0.01,417,782,,,,,,,,,,,,,mock-fs,mock-fs,https://avatars.githubusercontent.com/u/41094?v=4,tschaub,unknown,10.96,0.03,0,10.85,38,67,1823,MIT,35342078.0,4192.0,1101.0,6,0,0,6,85,1,5.4.0,2,1,2,0.0,0.0,0.0,0.0,0.0,0.0,0.0,733.0,0,0,0,0,0
@babel/plugin-transform-react-jsx,39989504.0,31209.0,564.0,2014-09-28T13:38:23Z,2024-10-23T16:13:01Z,43226,806,43226,87258,10.08,0.0,0,0.01,417,782,,,,,,,,,,,,,eslint-config-tschaub,eslint-config-tschaub,https://avatars.githubusercontent.com/u/41094?v=4,tschaub,unknown,9.34,2.7,32,986.02,3,0,3,MIT,32631142.0,3597.0,839.0,6,6,0,12,22,1,14.1.2,2,1,2,0.0,0.0,0.0,0.0,0.0,0.0,0.0,101.0,0,0,1,2,0
@babel/plugin-transform-react-jsx,39989504.0,31209.0,564.0,2014-09-28T13:38:23Z,2024-10-23T16:13:01Z,43226,806,43226,87258,10.08,0.0,0,0.01,417,782,,,,,,,,,,,,,eslint-config-prettier,eslint-config-prettier,https://avatars.githubusercontent.com/u/25822731?v=4,prettier,unknown,7.74,0.0,0,0.1,34,12,10943,MIT,115858400.0,12841.0,3112.0,25,0,0,25,72,3,9.1.0,2,1,2,0.0,0.0,0.0,0.0,0.0,0.0,0.0,381.0,0,0,1,1,0
@babel/plugin-transform-react-jsx,39989504.0,31209.0,564.0,2014-09-28T13:38:23Z,2024-10-23T16:13:01Z,43226,806,43226,87258,10.08,0.0,0,0.01,417,782,,,,,,,,,,,,,@babel/plugin-transform-react-jsx,@babel/plugin-transform-react-jsx,https://avatars.githubusercontent.com/u/9637642?v=4,babel,Canada,10.08,0.0,0,0.01,417,782,87258,MIT,39989504.0,31209.0,564.0,0,0,0,0,101,4,7.25.9,1,1,0,,,,,,,,,0,0,0,0,0
@typescript-eslint/eslint-plugin,,,,2019-01-13T17:52:15Z,2024-10-23T13:02:20Z,15218,90,15218,30526,5.78,0.0,0,0.14,450,327,,,,,,,,,,,,,brick-boilerplate,brick-boilerplate,https://avatars.githubusercontent.com/u/131524?v=4,Mozilla,United States(California),10.46,0.03,0,12.1,1,3,16,ISC,38289313.0,7091.0,2336.0,15,0,0,15,1,1,0.0.0,2,0,2,0.0,0.0,0.0,0.0,0.0,0.0,0.0,20.0,0,3,7,44,14
@typescript-eslint/eslint-plugin,,,,2019-01-13T17:52:15Z,2024-10-23T13:02:20Z,15218,90,15218,30526,5.78,0.0,0,0.14,450,327,,,,,,,,,,,,,karma,karma,https://avatars.githubusercontent.com/u/3284117?v=4,karma-runner,unknown,13.04,0.01,0,2.47,340,379,24233,MIT,396432213.0,16410.0,3625.0,39,24,0,63,213,5,6.4.4,2,1,2,0.0,0.0,0.0,0.0,0.0,0.0,0.0,2850.0,0,5,21,31,7
@typescript-eslint/eslint-plugin,,,,2019-01-13T17:52:15Z,2024-10-23T13:02:20Z,15218,90,15218,30526,5.78,0.0,0,0.14,450,327,,,,,,,,,,,,,karma-mocha,karma-mocha,https://avatars.githubusercontent.com/u/3284117?v=4,karma-runner,unknown,11.66,0.44,5,158.92,34,86,768,MIT,70595576.0,15141.0,3734.0,29,1,0,30,23,5,2.0.1,3,3,2,0.0,0.0,0.0,0.0,0.0,0.0,0.0,184.0,0,4,27,80,17
@typescript-eslint/eslint-plugin,,,,2019-01-13T17:52:15Z,2024-10-23T13:02:20Z,15218,90,15218,30526,5.78,0.0,0,0.14,450,327,,,,,,,,,,,,,mock-fs,mock-fs,https://avatars.githubusercontent.com/u/41094?v=4,tschaub,unknown,10.96,0.03,0,10.85,38,67,1823,MIT,35342078.0,4192.0,1101.0,6,0,0,6,85,1,5.4.0,2,1,2,0.0,0.0,0.0,0.0,0.0,0.0,0.0,733.0,0,0,0,0,0
@typescript-eslint/eslint-plugin,,,,2019-01-13T17:52:15Z,2024-10-23T13:02:20Z,15218,90,15218,30526,5.78,0.0,0,0.14,450,327,,,,,,,,,,,,,eslint-config-tschaub,eslint-config-tschaub,https://avatars.githubusercontent.com/u/41094?v=4,tschaub,unknown,9.34,2.7,32,986.02,3,0,3,MIT,32631142.0,3597.0,839.0,6,6,0,12,22,1,14.1.2,2,1,2,0.0,0.0,0.0,0.0,0.0,0.0,0.0,101.0,0,0,1,2,0
@typescript-eslint/eslint-plugin,,,,2019-01-13T17:52:15Z,2024-10-23T13:02:20Z,15218,90,15218,30526,5.78,0.0,0,0.14,450,327,,,,,,,,,,,,,eslint-config-prettier,eslint-config-prettier,https://avatars.githubusercontent.com/u/25822731?v=4,prettier,unknown,7.74,0.0,0,0.1,34,12,10943,MIT,115858400.0,12841.0,3112.0,25,0,0,25,72,3,9.1.0,2,1,2,0.0,0.0,0.0,0.0,0.0,0.0,0.0,381.0,0,0,1,1,0
@typescript-eslint/eslint-plugin,,,,2019-01-13T17:52:15Z,2024-10-23T13:02:20Z,15218,90,15218,30526,5.78,0.0,0,0.14,450,327,,,,,,,,,,,,,@typescript-eslint/eslint-plugin,@typescript-eslint/eslint-plugin,https://avatars.githubusercontent.com/u/46634674?v=4,typescript-eslint,unknown,5.78,0.0,0,0.14,450,327,30526,MIT,,,,0,0,0,0,3801,2,8.11.0,1,1,0,,,,,,,,,0,0,0,0,0
gulp-stylus,9481472.0,2070.0,478.0,2013-12-04T18:14:46Z,2024-04-26T13:04:12Z,223,8,223,454,10.89,0.49,6,180.07,36,2,0.0,1.0,4.0,3.0,0.0,8.0,48.0,127.0,,,,,brick-boilerplate,brick-boilerplate,https://avatars.githubusercontent.com/u/131524?v=4,Mozilla,United States(California),10.46,0.03,0,12.1,1,3,16,ISC,38289313.0,7091.0,2336.0,15,0,0,15,1,1,0.0.0,1,0,1,0.0,0.0,0.0,0.0,0.0,0.0,0.0,20.0,0,3,7,44,14
gulp-stylus,9481472.0,2070.0,478.0,2013-12-04T18:14:46Z,2024-04-26T13:04:12Z,223,8,223,454,10.89,0.49,6,180.07,36,2,0.0,1.0,4.0,3.0,0.0,8.0,48.0,127.0,,,,,gulp-stylus,gulp-stylus,https://avatars.githubusercontent.com/u/4960253?v=4,stevelacy,unknown,10.89,0.49,6,180.07,36,2,454,MIT,9481472.0,2070.0,478.0,4,7,0,11,49,1,3.0.1,1,1,0,0.0,0.0,0.0,0.0,0.0,0.0,0.0,249.0,0,1,4,3,0
@typescript-eslint/parser,,,,2019-01-13T17:52:15Z,2024-10-23T13:02:20Z,15218,90,15218,30526,5.78,0.0,0,0.14,450,327,,,,,,,,,,,,,brick-boilerplate,brick-boilerplate,https://avatars.githubusercontent.com/u/131524?v=4,Mozilla,United States(California),10.46,0.03,0,12.1,1,3,16,ISC,38289313.0,7091.0,2336.0,15,0,0,15,1,1,0.0.0,2,0,2,0.0,0.0,0.0,0.0,0.0,0.0,0.0,20.0,0,3,7,44,14
@typescript-eslint/parser,,,,2019-01-13T17:52:15Z,2024-10-23T13:02:20Z,15218,90,15218,30526,5.78,0.0,0,0.14,450,327,,,,,,,,,,,,,karma,karma,https://avatars.githubusercontent.com/u/3284117?v=4,karma-runner,unknown,13.04,0.01,0,2.47,340,379,24233,MIT,396432213.0,16410.0,3625.0,39,24,0,63,213,5,6.4.4,2,1,2,0.0,0.0,0.0,0.0,0.0,0.0,0.0,2850.0,0,5,21,31,7
@typescript-eslint/parser,,,,2019-01-13T17:52:15Z,2024-10-23T13:02:20Z,15218,90,15218,30526,5.78,0.0,0,0.14,450,327,,,,,,,,,,,,,karma-mocha,karma-mocha,https://avatars.githubusercontent.com/u/3284117?v=4,karma-runner,unknown,11.66,0.44,5,158.92,34,86,768,MIT,70595576.0,15141.0,3734.0,29,1,0,30,23,5,2.0.1,3,3,2,0.0,0.0,0.0,0.0,0.0,0.0,0.0,184.0,0,4,27,80,17
@typescript-eslint/parser,,,,2019-01-13T17:52:15Z,2024-10-23T13:02:20Z,15218,90,15218,30526,5.78,0.0,0,0.14,450,327,,,,,,,,,,,,,mock-fs,mock-fs,https://avatars.githubusercontent.com/u/41094?v=4,tschaub,unknown,10.96,0.03,0,10.85,38,67,1823,MIT,35342078.0,4192.0,1101.0,6,0,0,6,85,1,5.4.0,2,1,2,0.0,0.0,0.0,0.0,0.0,0.0,0.0,733.0,0,0,0,0,0
@typescript-eslint/parser,,,,2019-01-13T17:52:15Z,2024-10-23T13:02:20Z,15218,90,15218,30526,5.78,0.0,0,0.14,450,327,,,,,,,,,,,,,eslint-config-tschaub,eslint-config-tschaub,https://avatars.githubusercontent.com/u/41094?v=4,tschaub,unknown,9.34,2.7,32,986.02,3,0,3,MIT,32631142.0,3597.0,839.0,6,6,0,12,22,1,14.1.2,3,1,3,0.0,0.0,0.0,0.0,0.0,0.0,0.0,101.0,0,0,1,2,0
@typescript-eslint/parser,,,,2019-01-13T17:52:15Z,2024-10-23T13:02:20Z,15218,90,15218,30526,5.78,0.0,0,0.14,450,327,,,,,,,,,,,,,eslint-config-prettier,eslint-config-prettier,https://avatars.githubusercontent.com/u/25822731?v=4,prettier,unknown,7.74,0.0,0,0.1,34,12,10943,MIT,115858400.0,12841.0,3112.0,25,0,0,25,72,3,9.1.0,2,1,2,0.0,0.0,0.0,0.0,0.0,0.0,0.0,381.0,0,0,1,1,0
@typescript-eslint/parser,,,,2019-01-13T17:52:15Z,2024-10-23T13:02:20Z,15218,90,15218,30526,5.78,0.0,0,0.14,450,327,,,,,,,,,,,,,eslint-plugin-sort-imports-es6-autofix,eslint-plugin-sort-imports-es6-autofix,https://avatars.githubusercontent.com/u/22770059?v=4,schuchertmanagementberatung,unknown,7.7,1.61,19,589.27,8,17,170,MIT,69519679.0,4151.0,872.0,5,0,0,5,9,1,0.6.0,2,1,2,0.0,0.0,0.0,0.0,0.0,0.0,0.0,59.0,0,1,3,7,6
@typescript-eslint/parser,,,,2019-01-13T17:52:15Z,2024-10-23T13:02:20Z,15218,90,15218,30526,5.78,0.0,0,0.14,450,327,,,,,,,,,,,,,@typescript-eslint/parser,@typescript-eslint/parser,https://avatars.githubusercontent.com/u/46634674?v=4,typescript-eslint,unknown,5.78,0.0,0,0.14,450,327,30526,BSD-2-Clause,,,,0,0,0,0,3884,2,8.11.0,2,2,0,,,,,,,,,0,0,0,0,0
clean-pkg-json,131019087.0,9557.0,2295.0,2022-07-06T20:39:41Z,2024-07-03T11:02:41Z,52,3,52,107,2.3,0.31,3,112.23,2,1,0.0,0.0,0.0,0.0,0.0,0.0,1.0,450.0,,,,,brick-boilerplate,brick-boilerplate,https://avatars.githubusercontent.com/u/131524?v=4,Mozilla,United States(California),10.46,0.03,0,12.1,1,3,16,ISC,38289313.0,7091.0,2336.0,15,0,0,15,1,1,0.0.0,2,0,2,0.0,0.0,0.0,0.0,0.0,0.0,0.0,20.0,0,3,7,44,14
clean-pkg-json,131019087.0,9557.0,2295.0,2022-07-06T20:39:41Z,2024-07-03T11:02:41Z,52,3,52,107,2.3,0.31,3,112.23,2,1,0.0,0.0,0.0,0.0,0.0,0.0,1.0,450.0,,,,,karma,karma,https://avatars.githubusercontent.com/u/3284117?v=4,karma-runner,unknown,13.04,0.01,0,2.47,340,379,24233,MIT,396432213.0,16410.0,3625.0,39,24,0,63,213,5,6.4.4,2,1,2,0.0,0.0,0.0,0.0,0.0,0.0,0.0,2850.0,0,5,21,31,7
clean-pkg-json,131019087.0,9557.0,2295.0,2022-07-06T20:39:41Z,2024-07-03T11:02:41Z,52,3,52,107,2.3,0.31,3,112.23,2,1,0.0,0.0,0.0,0.0,0.0,0.0,1.0,450.0,,,,,karma-mocha,karma-mocha,https://avatars.githubusercontent.com/u/3284117?v=4,karma-runner,unknown,11.66,0.44,5,158.92,34,86,768,MIT,70595576.0,15141.0,3734.0,29,1,0,30,23,5,2.0.1,3,3,2,0.0,0.0,0.0,0.0,0.0,0.0,0.0,184.0,0,4,27,80,17
clean-pkg-json,131019087.0,9557.0,2295.0,2022-07-06T20:39:41Z,2024-07-03T11:02:41Z,52,3,52,107,2.3,0.31,3,112.23,2,1,0.0,0.0,0.0,0.0,0.0,0.0,1.0,450.0,,,,,mock-fs,mock-fs,https://avatars.githubusercontent.com/u/41094?v=4,tschaub,unknown,10.96,0.03,0,10.85,38,67,1823,MIT,35342078.0,4192.0,1101.0,6,0,0,6,85,1,5.4.0,2,1,2,0.0,0.0,0.0,0.0,0.0,0.0,0.0,733.0,0,0,0,0,0
clean-pkg-json,131019087.0,9557.0,2295.0,2022-07-06T20:39:41Z,2024-07-03T11:02:41Z,52,3,52,107,2.3,0.31,3,112.23,2,1,0.0,0.0,0.0,0.0,0.0,0.0,1.0,450.0,,,,,eslint-config-tschaub,eslint-config-tschaub,https://avatars.githubusercontent.com/u/41094?v=4,tschaub,unknown,9.34,2.7,32,986.02,3,0,3,MIT,32631142.0,3597.0,839.0,6,6,0,12,22,1,14.1.2,2,1,2,0.0,0.0,0.0,0.0,0.0,0.0,0.0,101.0,0,0,1,2,0
clean-pkg-json,131019087.0,9557.0,2295.0,2022-07-06T20:39:41Z,2024-07-03T11:02:41Z,52,3,52,107,2.3,0.31,3,112.23,2,1,0.0,0.0,0.0,0.0,0.0,0.0,1.0,450.0,,,,,eslint-config-prettier,eslint-config-prettier,https://avatars.githubusercontent.com/u/25822731?v=4,prettier,unknown,7.74,0.0,0,0.1,34,12,10943,MIT,115858400.0,12841.0,3112.0,25,0,0,25,72,3,9.1.0,2,1,2,0.0,0.0,0.0,0.0,0.0,0.0,0.0,381.0,0,0,1,1,0
clean-pkg-json,131019087.0,9557.0,2295.0,2022-07-06T20:39:41Z,2024-07-03T11:02:41Z,52,3,52,107,2.3,0.31,3,112.23,2,1,0.0,0.0,0.0,0.0,0.0,0.0,1.0,450.0,,,,,clean-pkg-json,clean-pkg-json,https://avatars.githubusercontent.com/u/1075694?v=4,privatenumber,Japan,2.3,0.31,3,112.23,2,1,107,MIT,131019087.0,9557.0,2295.0,0,0,0,0,4,1,1.2.0,1,1,0,0.0,0.0,0.0,0.0,0.0,0.0,0.0,11.0,0,0,0,0,0
eslint-config-google,11612009.0,4654.0,1471.0,2015-11-02T12:58:29Z,2024-10-21T04:59:42Z,1750,30,1750,3530,8.98,0.01,0,2.48,15,15,0.0,1.0,1.0,5.0,2.0,9.0,1.0,117.0,,,,,brick-boilerplate,brick-boilerplate,https://avatars.githubusercontent.com/u/131524?v=4,Mozilla,United States(California),10.46,0.03,0,12.1,1,3,16,ISC,38289313.0,7091.0,2336.0,15,0,0,15,1,1,0.0.0,2,0,2,0.0,0.0,0.0,0.0,0.0,0.0,0.0,20.0,0,3,7,44,14
eslint-config-google,11612009.0,4654.0,1471.0,2015-11-02T12:58:29Z,2024-10-21T04:59:42Z,1750,30,1750,3530,8.98,0.01,0,2.48,15,15,0.0,1.0,1.0,5.0,2.0,9.0,1.0,117.0,,,,,karma,karma,https://avatars.githubusercontent.com/u/3284117?v=4,karma-runner,unknown,13.04,0.01,0,2.47,340,379,24233,MIT,396432213.0,16410.0,3625.0,39,24,0,63,213,5,6.4.4,2,1,2,0.0,0.0,0.0,0.0,0.0,0.0,0.0,2850.0,0,5,21,31,7
eslint-config-google,11612009.0,4654.0,1471.0,2015-11-02T12:58:29Z,2024-10-21T04:59:42Z,1750,30,1750,3530,8.98,0.01,0,2.48,15,15,0.0,1.0,1.0,5.0,2.0,9.0,1.0,117.0,,,,,karma-mocha,karma-mocha,https://avatars.githubusercontent.com/u/3284117?v=4,karma-runner,unknown,11.66,0.44,5,158.92,34,86,768,MIT,70595576.0,15141.0,3734.0,29,1,0,30,23,5,2.0.1,3,3,2,0.0,0.0,0.0,0.0,0.0,0.0,0.0,184.0,0,4,27,80,17
eslint-config-google,11612009.0,4654.0,1471.0,2015-11-02T12:58:29Z,2024-10-21T04:59:42Z,1750,30,1750,3530,8.98,0.01,0,2.48,15,15,0.0,1.0,1.0,5.0,2.0,9.0,1.0,117.0,,,,,mock-fs,mock-fs,https://avatars.githubusercontent.com/u/41094?v=4,tschaub,unknown,10.96,0.03,0,10.85,38,67,1823,MIT,35342078.0,4192.0,1101.0,6,0,0,6,85,1,5.4.0,2,1,2,0.0,0.0,0.0,0.0,0.0,0.0,0.0,733.0,0,0,0,0,0
eslint-config-google,11612009.0,4654.0,1471.0,2015-11-02T12:58:29Z,2024-10-21T04:59:42Z,1750,30,1750,3530,8.98,0.01,0,2.48,15,15,0.0,1.0,1.0,5.0,2.0,9.0,1.0,117.0,,,,,eslint-config-tschaub,eslint-config-tschaub,https://avatars.githubusercontent.com/u/41094?v=4,tschaub,unknown,9.34,2.7,32,986.02,3,0,3,MIT,32631142.0,3597.0,839.0,6,6,0,12,22,1,14.1.2,2,1,2,0.0,0.0,0.0,0.0,0.0,0.0,0.0,101.0,0,0,1,2,0
eslint-config-google,11612009.0,4654.0,1471.0,2015-11-02T12:58:29Z,2024-10-21T04:59:42Z,1750,30,1750,3530,8.98,0.01,0,2.48,15,15,0.0,1.0,1.0,5.0,2.0,9.0,1.0,117.0,,,,,eslint-config-prettier,eslint-config-prettier,https://avatars.githubusercontent.com/u/25822731?v=4,prettier,unknown,7.74,0.0,0,0.1,34,12,10943,MIT,115858400.0,12841.0,3112.0,25,0,0,25,72,3,9.1.0,2,1,2,0.0,0.0,0.0,0.0,0.0,0.0,0.0,381.0,0,0,1,1,0
eslint-config-google,11612009.0,4654.0,1471.0,2015-11-02T12:58:29Z,2024-10-21T04:59:42Z,1750,30,1750,3530,8.98,0.01,0,2.48,15,15,0.0,1.0,1.0,5.0,2.0,9.0,1.0,117.0,,,,,eslint-config-google,eslint-config-google,https://avatars.githubusercontent.com/u/1342004?v=4,google,United States(District of Columbia),8.98,0.01,0,2.48,15,15,3530,Apache-2.0,11612009.0,4654.0,1471.0,1,0,0,1,17,3,0.14.0,1,1,0,0.0,0.0,0.0,0.0,0.0,0.0,0.0,76.0,0,1,1,5,2
eslint-find-rules,59517822.0,16332.0,2916.0,2016-03-17T17:05:02Z,2024-10-06T08:27:43Z,206,5,206,417,8.61,0.05,0,17.33,21,15,0.0,0.0,14.0,24.0,40.0,78.0,30.0,1069.0,,,,,brick-boilerplate,brick-boilerplate,https://avatars.githubusercontent.com/u/131524?v=4,Mozilla,United States(California),10.46,0.03,0,12.1,1,3,16,ISC,38289313.0,7091.0,2336.0,15,0,0,15,1,1,0.0.0,2,0,2,0.0,0.0,0.0,0.0,0.0,0.0,0.0,20.0,0,3,7,44,14
eslint-find-rules,59517822.0,16332.0,2916.0,2016-03-17T17:05:02Z,2024-10-06T08:27:43Z,206,5,206,417,8.61,0.05,0,17.33,21,15,0.0,0.0,14.0,24.0,40.0,78.0,30.0,1069.0,,,,,karma,karma,https://avatars.githubusercontent.com/u/3284117?v=4,karma-runner,unknown,13.04,0.01,0,2.47,340,379,24233,MIT,396432213.0,16410.0,3625.0,39,24,0,63,213,5,6.4.4,2,1,2,0.0,0.0,0.0,0.0,0.0,0.0,0.0,2850.0,0,5,21,31,7
eslint-find-rules,59517822.0,16332.0,2916.0,2016-03-17T17:05:02Z,2024-10-06T08:27:43Z,206,5,206,417,8.61,0.05,0,17.33,21,15,0.0,0.0,14.0,24.0,40.0,78.0,30.0,1069.0,,,,,karma-mocha,karma-mocha,https://avatars.githubusercontent.com/u/3284117?v=4,karma-runner,unknown,11.66,0.44,5,158.92,34,86,768,MIT,70595576.0,15141.0,3734.0,29,1,0,30,23,5,2.0.1,3,3,2,0.0,0.0,0.0,0.0,0.0,0.0,0.0,184.0,0,4,27,80,17
eslint-find-rules,59517822.0,16332.0,2916.0,2016-03-17T17:05:02Z,2024-10-06T08:27:43Z,206,5,206,417,8.61,0.05,0,17.33,21,15,0.0,0.0,14.0,24.0,40.0,78.0,30.0,1069.0,,,,,mock-fs,mock-fs,https://avatars.githubusercontent.com/u/41094?v=4,tschaub,unknown,10.96,0.03,0,10.85,38,67,1823,MIT,35342078.0,4192.0,1101.0,6,0,0,6,85,1,5.4.0,2,1,2,0.0,0.0,0.0,0.0,0.0,0.0,0.0,733.0,0,0,0,0,0
eslint-find-rules,59517822.0,16332.0,2916.0,2016-03-17T17:05:02Z,2024-10-06T08:27:43Z,206,5,206,417,8.61,0.05,0,17.33,21,15,0.0,0.0,14.0,24.0,40.0,78.0,30.0,1069.0,,,,,eslint-config-tschaub,eslint-config-tschaub,https://avatars.githubusercontent.com/u/41094?v=4,tschaub,unknown,9.34,2.7,32,986.02,3,0,3,MIT,32631142.0,3597.0,839.0,6,6,0,12,22,1,14.1.2,2,1,2,0.0,0.0,0.0,0.0,0.0,0.0,0.0,101.0,0,0,1,2,0
eslint-find-rules,59517822.0,16332.0,2916.0,2016-03-17T17:05:02Z,2024-10-06T08:27:43Z,206,5,206,417,8.61,0.05,0,17.33,21,15,0.0,0.0,14.0,24.0,40.0,78.0,30.0,1069.0,,,,,eslint-config-prettier,eslint-config-prettier,https://avatars.githubusercontent.com/u/25822731?v=4,prettier,unknown,7.74,0.0,0,0.1,34,12,10943,MIT,115858400.0,12841.0,3112.0,25,0,0,25,72,3,9.1.0,2,1,2,0.0,0.0,0.0,0.0,0.0,0.0,0.0,381.0,0,0,1,1,0
eslint-find-rules,59517822.0,16332.0,2916.0,2016-03-17T17:05:02Z,2024-10-06T08:27:43Z,206,5,206,417,8.61,0.05,0,17.33,21,15,0.0,0.0,14.0,24.0,40.0,78.0,30.0,1069.0,,,,,eslint-find-rules,eslint-find-rules,https://avatars.githubusercontent.com/u/949380?v=4,sarbbottam,United States(California),8.61,0.05,0,17.33,21,15,417,MIT,59517822.0,16332.0,2916.0,0,0,0,0,41,3,4.2.0,1,1,0,0.0,0.0,0.0,0.0,0.0,0.0,0.0,288.0,0,0,14,24,40
eslint-plugin-babel,13794996.0,2574.0,409.0,2015-06-19T00:50:43Z,2024-09-02T06:32:52Z,389,21,389,799,9.36,0.14,1,51.41,30,0,0.0,0.0,4.0,5.0,3.0,12.0,2.0,168.0,,,,,brick-boilerplate,brick-boilerplate,https://avatars.githubusercontent.com/u/131524?v=4,Mozilla,United States(California),10.46,0.03,0,12.1,1,3,16,ISC,38289313.0,7091.0,2336.0,15,0,0,15,1,1,0.0.0,2,0,2,0.0,0.0,0.0,0.0,0.0,0.0,0.0,20.0,0,3,7,44,14
eslint-plugin-babel,13794996.0,2574.0,409.0,2015-06-19T00:50:43Z,2024-09-02T06:32:52Z,389,21,389,799,9.36,0.14,1,51.41,30,0,0.0,0.0,4.0,5.0,3.0,12.0,2.0,168.0,,,,,karma,karma,https://avatars.githubusercontent.com/u/3284117?v=4,karma-runner,unknown,13.04,0.01,0,2.47,340,379,24233,MIT,396432213.0,16410.0,3625.0,39,24,0,63,213,5,6.4.4,2,1,2,0.0,0.0,0.0,0.0,0.0,0.0,0.0,2850.0,0,5,21,31,7
eslint-plugin-babel,13794996.0,2574.0,409.0,2015-06-19T00:50:43Z,2024-09-02T06:32:52Z,389,21,389,799,9.36,0.14,1,51.41,30,0,0.0,0.0,4.0,5.0,3.0,12.0,2.0,168.0,,,,,karma-mocha,karma-mocha,https://avatars.githubusercontent.com/u/3284117?v=4,karma-runner,unknown,11.66,0.44,5,158.92,34,86,768,MIT,70595576.0,15141.0,3734.0,29,1,0,30,23,5,2.0.1,3,3,2,0.0,0.0,0.0,0.0,0.0,0.0,0.0,184.0,0,4,27,80,17
eslint-plugin-babel,13794996.0,2574.0,409.0,2015-06-19T00:50:43Z,2024-09-02T06:32:52Z,389,21,389,799,9.36,0.14,1,51.41,30,0,0.0,0.0,4.0,5.0,3.0,12.0,2.0,168.0,,,,,mock-fs,mock-fs,https://avatars.githubusercontent.com/u/41094?v=4,tschaub,unknown,10.96,0.03,0,10.85,38,67,1823,MIT,35342078.0,4192.0,1101.0,6,0,0,6,85,1,5.4.0,2,1,2,0.0,0.0,0.0,0.0,0.0,0.0,0.0,733.0,0,0,0,0,0
eslint-plugin-babel,13794996.0,2574.0,409.0,2015-06-19T00:50:43Z,2024-09-02T06:32:52Z,389,21,389,799,9.36,0.14,1,51.41,30,0,0.0,0.0,4.0,5.0,3.0,12.0,2.0,168.0,,,,,eslint-config-tschaub,eslint-config-tschaub,https://avatars.githubusercontent.com/u/41094?v=4,tschaub,unknown,9.34,2.7,32,986.02,3,0,3,MIT,32631142.0,3597.0,839.0,6,6,0,12,22,1,14.1.2,2,1,2,0.0,0.0,0.0,0.0,0.0,0.0,0.0,101.0,0,0,1,2,0
eslint-plugin-babel,13794996.0,2574.0,409.0,2015-06-19T00:50:43Z,2024-09-02T06:32:52Z,389,21,389,799,9.36,0.14,1,51.41,30,0,0.0,0.0,4.0,5.0,3.0,12.0,2.0,168.0,,,,,eslint-config-prettier,eslint-config-prettier,https://avatars.githubusercontent.com/u/25822731?v=4,prettier,unknown,7.74,0.0,0,0.1,34,12,10943,MIT,115858400.0,12841.0,3112.0,25,0,0,25,72,3,9.1.0,2,1,2,0.0,0.0,0.0,0.0,0.0,0.0,0.0,381.0,0,0,1,1,0
eslint-plugin-babel,13794996.0,2574.0,409.0,2015-06-19T00:50:43Z,2024-09-02T06:32:52Z,389,21,389,799,9.36,0.14,1,51.41,30,0,0.0,0.0,4.0,5.0,3.0,12.0,2.0,168.0,,,,,eslint-plugin-babel,eslint-plugin-babel,https://avatars.githubusercontent.com/u/9637642?v=4,babel,Canada,9.36,0.14,1,51.41,30,0,799,MIT,13794996.0,2574.0,409.0,4,1,0,5,22,12,5.3.1,1,1,0,0.0,0.0,0.0,0.0,0.0,0.0,0.0,129.0,0,0,4,5,3
eslint-plugin-flowtype,164566156.0,28293.0,5501.0,2016-02-14T13:32:34Z,2024-10-21T09:53:49Z,1077,10,1077,2164,8.7,0.01,0,2.28,70,40,0.0,0.0,15.0,15.0,4.0,34.0,3.0,1326.0,,,,,brick-boilerplate,brick-boilerplate,https://avatars.githubusercontent.com/u/131524?v=4,Mozilla,United States(California),10.46,0.03,0,12.1,1,3,16,ISC,38289313.0,7091.0,2336.0,15,0,0,15,1,1,0.0.0,2,0,2,0.0,0.0,0.0,0.0,0.0,0.0,0.0,20.0,0,3,7,44,14
eslint-plugin-flowtype,164566156.0,28293.0,5501.0,2016-02-14T13:32:34Z,2024-10-21T09:53:49Z,1077,10,1077,2164,8.7,0.01,0,2.28,70,40,0.0,0.0,15.0,15.0,4.0,34.0,3.0,1326.0,,,,,karma,karma,https://avatars.githubusercontent.com/u/3284117?v=4,karma-runner,unknown,13.04,0.01,0,2.47,340,379,24233,MIT,396432213.0,16410.0,3625.0,39,24,0,63,213,5,6.4.4,2,1,2,0.0,0.0,0.0,0.0,0.0,0.0,0.0,2850.0,0,5,21,31,7
eslint-plugin-flowtype,164566156.0,28293.0,5501.0,2016-02-14T13:32:34Z,2024-10-21T09:53:49Z,1077,10,1077,2164,8.7,0.01,0,2.28,70,40,0.0,0.0,15.0,15.0,4.0,34.0,3.0,1326.0,,,,,karma-mocha,karma-mocha,https://avatars.githubusercontent.com/u/3284117?v=4,karma-runner,unknown,11.66,0.44,5,158.92,34,86,768,MIT,70595576.0,15141.0,3734.0,29,1,0,30,23,5,2.0.1,3,3,2,0.0,0.0,0.0,0.0,0.0,0.0,0.0,184.0,0,4,27,80,17
eslint-plugin-flowtype,164566156.0,28293.0,5501.0,2016-02-14T13:32:34Z,2024-10-21T09:53:49Z,1077,10,1077,2164,8.7,0.01,0,2.28,70,40,0.0,0.0,15.0,15.0,4.0,34.0,3.0,1326.0,,,,,mock-fs,mock-fs,https://avatars.githubusercontent.com/u/41094?v=4,tschaub,unknown,10.96,0.03,0,10.85,38,67,1823,MIT,35342078.0,4192.0,1101.0,6,0,0,6,85,1,5.4.0,2,1,2,0.0,0.0,0.0,0.0,0.0,0.0,0.0,733.0,0,0,0,0,0
eslint-plugin-flowtype,164566156.0,28293.0,5501.0,2016-02-14T13:32:34Z,2024-10-21T09:53:49Z,1077,10,1077,2164,8.7,0.01,0,2.28,70,40,0.0,0.0,15.0,15.0,4.0,34.0,3.0,1326.0,,,,,eslint-config-tschaub,eslint-config-tschaub,https://avatars.githubusercontent.com/u/41094?v=4,tschaub,unknown,9.34,2.7,32,986.02,3,0,3,MIT,32631142.0,3597.0,839.0,6,6,0,12,22,1,14.1.2,2,1,2,0.0,0.0,0.0,0.0,0.0,0.0,0.0,101.0,0,0,1,2,0
eslint-plugin-flowtype,164566156.0,28293.0,5501.0,2016-02-14T13:32:34Z,2024-10-21T09:53:49Z,1077,10,1077,2164,8.7,0.01,0,2.28,70,40,0.0,0.0,15.0,15.0,4.0,34.0,3.0,1326.0,,,,,eslint-config-prettier,eslint-config-prettier,https://avatars.githubusercontent.com/u/25822731?v=4,prettier,unknown,7.74,0.0,0,0.1,34,12,10943,MIT,115858400.0,12841.0,3112.0,25,0,0,25,72,3,9.1.0,2,1,2,0.0,0.0,0.0,0.0,0.0,0.0,0.0,381.0,0,0,1,1,0
eslint-plugin-flowtype,164566156.0,28293.0,5501.0,2016-02-14T13:32:34Z,2024-10-21T09:53:49Z,1077,10,1077,2164,8.7,0.01,0,2.28,70,40,0.0,0.0,15.0,15.0,4.0,34.0,3.0,1326.0,,,,,eslint-plugin-flowtype,eslint-plugin-flowtype,https://avatars.githubusercontent.com/u/973543?v=4,gajus,United Kingdom,8.7,0.01,0,2.28,70,40,2164,BSD-3-Clause,164566156.0,28293.0,5501.0,21,2,0,23,185,1,8.0.3,1,1,0,0.0,0.0,0.0,0.0,0.0,0.0,0.0,604.0,0,0,15,15,4
eslint-plugin-unicorn,116256850.0,21761.0,6256.0,2016-04-09T07:48:04Z,2024-10-23T08:53:05Z,4249,23,4249,8521,8.55,0.0,0,0.32,144,377,0.0,0.0,0.0,0.0,0.0,0.0,149.0,789.0,,,,,brick-boilerplate,brick-boilerplate,https://avatars.githubusercontent.com/u/131524?v=4,Mozilla,United States(California),10.46,0.03,0,12.1,1,3,16,ISC,38289313.0,7091.0,2336.0,15,0,0,15,1,1,0.0.0,2,0,2,0.0,0.0,0.0,0.0,0.0,0.0,0.0,20.0,0,3,7,44,14
eslint-plugin-unicorn,116256850.0,21761.0,6256.0,2016-04-09T07:48:04Z,2024-10-23T08:53:05Z,4249,23,4249,8521,8.55,0.0,0,0.32,144,377,0.0,0.0,0.0,0.0,0.0,0.0,149.0,789.0,,,,,karma,karma,https://avatars.githubusercontent.com/u/3284117?v=4,karma-runner,unknown,13.04,0.01,0,2.47,340,379,24233,MIT,396432213.0,16410.0,3625.0,39,24,0,63,213,5,6.4.4,2,1,2,0.0,0.0,0.0,0.0,0.0,0.0,0.0,2850.0,0,5,21,31,7
eslint-plugin-unicorn,116256850.0,21761.0,6256.0,2016-04-09T07:48:04Z,2024-10-23T08:53:05Z,4249,23,4249,8521,8.55,0.0,0,0.32,144,377,0.0,0.0,0.0,0.0,0.0,0.0,149.0,789.0,,,,,karma-mocha,karma-mocha,https://avatars.githubusercontent.com/u/3284117?v=4,karma-runner,unknown,11.66,0.44,5,158.92,34,86,768,MIT,70595576.0,15141.0,3734.0,29,1,0,30,23,5,2.0.1,3,3,2,0.0,0.0,0.0,0.0,0.0,0.0,0.0,184.0,0,4,27,80,17
eslint-plugin-unicorn,116256850.0,21761.0,6256.0,2016-04-09T07:48:04Z,2024-10-23T08:53:05Z,4249,23,4249,8521,8.55,0.0,0,0.32,144,377,0.0,0.0,0.0,0.0,0.0,0.0,149.0,789.0,,,,,mock-fs,mock-fs,https://avatars.githubusercontent.com/u/41094?v=4,tschaub,unknown,10.96,0.03,0,10.85,38,67,1823,MIT,35342078.0,4192.0,1101.0,6,0,0,6,85,1,5.4.0,2,1,2,0.0,0.0,0.0,0.0,0.0,0.0,0.0,733.0,0,0,0,0,0
eslint-plugin-unicorn,116256850.0,21761.0,6256.0,2016-04-09T07:48:04Z,2024-10-23T08:53:05Z,4249,23,4249,8521,8.55,0.0,0,0.32,144,377,0.0,0.0,0.0,0.0,0.0,0.0,149.0,789.0,,,,,eslint-config-tschaub,eslint-config-tschaub,https://avatars.githubusercontent.com/u/41094?v=4,tschaub,unknown,9.34,2.7,32,986.02,3,0,3,MIT,32631142.0,3597.0,839.0,6,6,0,12,22,1,14.1.2,2,1,2,0.0,0.0,0.0,0.0,0.0,0.0,0.0,101.0,0,0,1,2,0
eslint-plugin-unicorn,116256850.0,21761.0,6256.0,2016-04-09T07:48:04Z,2024-10-23T08:53:05Z,4249,23,4249,8521,8.55,0.0,0,0.32,144,377,0.0,0.0,0.0,0.0,0.0,0.0,149.0,789.0,,,,,eslint-config-prettier,eslint-config-prettier,https://avatars.githubusercontent.com/u/25822731?v=4,prettier,unknown,7.74,0.0,0,0.1,34,12,10943,MIT,115858400.0,12841.0,3112.0,25,0,0,25,72,3,9.1.0,2,1,2,0.0,0.0,0.0,0.0,0.0,0.0,0.0,381.0,0,0,1,1,0
eslint-plugin-unicorn,116256850.0,21761.0,6256.0,2016-04-09T07:48:04Z,2024-10-23T08:53:05Z,4249,23,4249,8521,8.55,0.0,0,0.32,144,377,0.0,0.0,0.0,0.0,0.0,0.0,149.0,789.0,,,,,eslint-plugin-unicorn,eslint-plugin-unicorn,https://avatars.githubusercontent.com/u/170270?v=4,sindresorhus,unknown,8.55,0.0,0,0.32,144,377,8521,MIT,116256850.0,21761.0,6256.0,0,0,0,0,106,2,56.0.0,1,1,0,0.0,0.0,0.0,0.0,0.0,0.0,0.0,1414.0,0,0,0,0,0
eslint-plugin-vue,177052126.0,15040.0,3541.0,2016-08-29T15:26:53Z,2024-10-21T23:52:16Z,4457,56,4457,8970,8.16,0.0,0,1.7,210,195,0.0,0.0,0.0,0.0,0.0,0.0,115.0,619.0,,,,,brick-boilerplate,brick-boilerplate,https://avatars.githubusercontent.com/u/131524?v=4,Mozilla,United States(California),10.46,0.03,0,12.1,1,3,16,ISC,38289313.0,7091.0,2336.0,15,0,0,15,1,1,0.0.0,2,0,2,0.0,0.0,0.0,0.0,0.0,0.0,0.0,20.0,0,3,7,44,14
eslint-plugin-vue,177052126.0,15040.0,3541.0,2016-08-29T15:26:53Z,2024-10-21T23:52:16Z,4457,56,4457,8970,8.16,0.0,0,1.7,210,195,0.0,0.0,0.0,0.0,0.0,0.0,115.0,619.0,,,,,karma,karma,https://avatars.githubusercontent.com/u/3284117?v=4,karma-runner,unknown,13.04,0.01,0,2.47,340,379,24233,MIT,396432213.0,16410.0,3625.0,39,24,0,63,213,5,6.4.4,2,1,2,0.0,0.0,0.0,0.0,0.0,0.0,0.0,2850.0,0,5,21,31,7
eslint-plugin-vue,177052126.0,15040.0,3541.0,2016-08-29T15:26:53Z,2024-10-21T23:52:16Z,4457,56,4457,8970,8.16,0.0,0,1.7,210,195,0.0,0.0,0.0,0.0,0.0,0.0,115.0,619.0,,,,,karma-mocha,karma-mocha,https://avatars.githubusercontent.com/u/3284117?v=4,karma-runner,unknown,11.66,0.44,5,158.92,34,86,768,MIT,70595576.0,15141.0,3734.0,29,1,0,30,23,5,2.0.1,3,3,2,0.0,0.0,0.0,0.0,0.0,0.0,0.0,184.0,0,4,27,80,17
eslint-plugin-vue,177052126.0,15040.0,3541.0,2016-08-29T15:26:53Z,2024-10-21T23:52:16Z,4457,56,4457,8970,8.16,0.0,0,1.7,210,195,0.0,0.0,0.0,0.0,0.0,0.0,115.0,619.0,,,,,mock-fs,mock-fs,https://avatars.githubusercontent.com/u/41094?v=4,tschaub,unknown,10.96,0.03,0,10.85,38,67,1823,MIT,35342078.0,4192.0,1101.0,6,0,0,6,85,1,5.4.0,2,1,2,0.0,0.0,0.0,0.0,0.0,0.0,0.0,733.0,0,0,0,0,0
eslint-plugin-vue,177052126.0,15040.0,3541.0,2016-08-29T15:26:53Z,2024-10-21T23:52:16Z,4457,56,4457,8970,8.16,0.0,0,1.7,210,195,0.0,0.0,0.0,0.0,0.0,0.0,115.0,619.0,,,,,eslint-config-tschaub,eslint-config-tschaub,https://avatars.githubusercontent.com/u/41094?v=4,tschaub,unknown,9.34,2.7,32,986.02,3,0,3,MIT,32631142.0,3597.0,839.0,6,6,0,12,22,1,14.1.2,2,1,2,0.0,0.0,0.0,0.0,0.0,0.0,0.0,101.0,0,0,1,2,0
eslint-plugin-vue,177052126.0,15040.0,3541.0,2016-08-29T15:26:53Z,2024-10-21T23:52:16Z,4457,56,4457,8970,8.16,0.0,0,1.7,210,195,0.0,0.0,0.0,0.0,0.0,0.0,115.0,619.0,,,,,eslint-config-prettier,eslint-config-prettier,https://avatars.githubusercontent.com/u/25822731?v=4,prettier,unknown,7.74,0.0,0,0.1,34,12,10943,MIT,115858400.0,12841.0,3112.0,25,0,0,25,72,3,9.1.0,2,1,2,0.0,0.0,0.0,0.0,0.0,0.0,0.0,381.0,0,0,1,1,0
eslint-plugin-vue,177052126.0,15040.0,3541.0,2016-08-29T15:26:53Z,2024-10-21T23:52:16Z,4457,56,4457,8970,8.16,0.0,0,1.7,210,195,0.0,0.0,0.0,0.0,0.0,0.0,115.0,619.0,,,,,eslint-plugin-vue,eslint-plugin-vue,https://avatars.githubusercontent.com/u/6128107?v=4,vuejs,United States(Indiana),8.16,0.0,0,1.7,210,195,8970,MIT,177052126.0,15040.0,3541.0,0,0,0,0,171,5,9.29.1,1,1,0,0.0,0.0,0.0,0.0,0.0,0.0,0.0,1243.0,0,0,0,0,0
globals,155856269.0,17332.0,5775.0,2013-12-14T13:46:23Z,2024-10-22T17:04:48Z,401,12,401,814,10.87,0.0,0,0.98,92,7,0.0,0.0,0.0,0.0,0.0,0.0,1.0,786.0,,,,,brick-boilerplate,brick-boilerplate,https://avatars.githubusercontent.com/u/131524?v=4,Mozilla,United States(California),10.46,0.03,0,12.1,1,3,16,ISC,38289313.0,7091.0,2336.0,15,0,0,15,1,1,0.0.0,2,0,2,0.0,0.0,0.0,0.0,0.0,0.0,0.0,20.0,0,3,7,44,14
globals,155856269.0,17332.0,5775.0,2013-12-14T13:46:23Z,2024-10-22T17:04:48Z,401,12,401,814,10.87,0.0,0,0.98,92,7,0.0,0.0,0.0,0.0,0.0,0.0,1.0,786.0,,,,,karma,karma,https://avatars.githubusercontent.com/u/3284117?v=4,karma-runner,unknown,13.04,0.01,0,2.47,340,379,24233,MIT,396432213.0,16410.0,3625.0,39,24,0,63,213,5,6.4.4,2,1,2,0.0,0.0,0.0,0.0,0.0,0.0,0.0,2850.0,0,5,21,31,7
globals,155856269.0,17332.0,5775.0,2013-12-14T13:46:23Z,2024-10-22T17:04:48Z,401,12,401,814,10.87,0.0,0,0.98,92,7,0.0,0.0,0.0,0.0,0.0,0.0,1.0,786.0,,,,,karma-mocha,karma-mocha,https://avatars.githubusercontent.com/u/3284117?v=4,karma-runner,unknown,11.66,0.44,5,158.92,34,86,768,MIT,70595576.0,15141.0,3734.0,29,1,0,30,23,5,2.0.1,3,3,2,0.0,0.0,0.0,0.0,0.0,0.0,0.0,184.0,0,4,27,80,17
globals,155856269.0,17332.0,5775.0,2013-12-14T13:46:23Z,2024-10-22T17:04:48Z,401,12,401,814,10.87,0.0,0,0.98,92,7,0.0,0.0,0.0,0.0,0.0,0.0,1.0,786.0,,,,,mock-fs,mock-fs,https://avatars.githubusercontent.com/u/41094?v=4,tschaub,unknown,10.96,0.03,0,10.85,38,67,1823,MIT,35342078.0,4192.0,1101.0,6,0,0,6,85,1,5.4.0,2,1,2,0.0,0.0,0.0,0.0,0.0,0.0,0.0,733.0,0,0,0,0,0
globals,155856269.0,17332.0,5775.0,2013-12-14T13:46:23Z,2024-10-22T17:04:48Z,401,12,401,814,10.87,0.0,0,0.98,92,7,0.0,0.0,0.0,0.0,0.0,0.0,1.0,786.0,,,,,eslint-config-tschaub,eslint-config-tschaub,https://avatars.githubusercontent.com/u/41094?v=4,tschaub,unknown,9.34,2.7,32,986.02,3,0,3,MIT,32631142.0,3597.0,839.0,6,6,0,12,22,1,14.1.2,2,1,2,0.0,0.0,0.0,0.0,0.0,0.0,0.0,101.0,0,0,1,2,0
globals,155856269.0,17332.0,5775.0,2013-12-14T13:46:23Z,2024-10-22T17:04:48Z,401,12,401,814,10.87,0.0,0,0.98,92,7,0.0,0.0,0.0,0.0,0.0,0.0,1.0,786.0,,,,,eslint-config-prettier,eslint-config-prettier,https://avatars.githubusercontent.com/u/25822731?v=4,prettier,unknown,7.74,0.0,0,0.1,34,12,10943,MIT,115858400.0,12841.0,3112.0,25,0,0,25,72,3,9.1.0,2,1,2,0.0,0.0,0.0,0.0,0.0,0.0,0.0,381.0,0,0,1,1,0
globals,155856269.0,17332.0,5775.0,2013-12-14T13:46:23Z,2024-10-22T17:04:48Z,401,12,401,814,10.87,0.0,0,0.98,92,7,0.0,0.0,0.0,0.0,0.0,0.0,1.0,786.0,,,,,globals,globals,https://avatars.githubusercontent.com/u/170270?v=4,sindresorhus,unknown,10.87,0.0,0,0.98,92,7,814,MIT,155856269.0,17332.0,5775.0,0,0,0,0,119,4,15.11.0,1,1,0,0.0,0.0,0.0,0.0,0.0,0.0,0.0,368.0,0,0,0,0,0
jest,,,,2013-12-10T00:18:04Z,2024-10-23T08:20:41Z,44201,558,44201,88960,10.88,0.0,0,0.35,429,345,,,,,,,,,,,,,brick-boilerplate,brick-boilerplate,https://avatars.githubusercontent.com/u/131524?v=4,Mozilla,United States(California),10.46,0.03,0,12.1,1,3,16,ISC,38289313.0,7091.0,2336.0,15,0,0,15,1,1,0.0.0,2,0,2,0.0,0.0,0.0,0.0,0.0,0.0,0.0,20.0,0,3,7,44,14
jest,,,,2013-12-10T00:18:04Z,2024-10-23T08:20:41Z,44201,558,44201,88960,10.88,0.0,0,0.35,429,345,,,,,,,,,,,,,karma,karma,https://avatars.githubusercontent.com/u/3284117?v=4,karma-runner,unknown,13.04,0.01,0,2.47,340,379,24233,MIT,396432213.0,16410.0,3625.0,39,24,0,63,213,5,6.4.4,2,1,2,0.0,0.0,0.0,0.0,0.0,0.0,0.0,2850.0,0,5,21,31,7
jest,,,,2013-12-10T00:18:04Z,2024-10-23T08:20:41Z,44201,558,44201,88960,10.88,0.0,0,0.35,429,345,,,,,,,,,,,,,karma-mocha,karma-mocha,https://avatars.githubusercontent.com/u/3284117?v=4,karma-runner,unknown,11.66,0.44,5,158.92,34,86,768,MIT,70595576.0,15141.0,3734.0,29,1,0,30,23,5,2.0.1,3,3,2,0.0,0.0,0.0,0.0,0.0,0.0,0.0,184.0,0,4,27,80,17
jest,,,,2013-12-10T00:18:04Z,2024-10-23T08:20:41Z,44201,558,44201,88960,10.88,0.0,0,0.35,429,345,,,,,,,,,,,,,mock-fs,mock-fs,https://avatars.githubusercontent.com/u/41094?v=4,tschaub,unknown,10.96,0.03,0,10.85,38,67,1823,MIT,35342078.0,4192.0,1101.0,6,0,0,6,85,1,5.4.0,2,1,2,0.0,0.0,0.0,0.0,0.0,0.0,0.0,733.0,0,0,0,0,0
jest,,,,2013-12-10T00:18:04Z,2024-10-23T08:20:41Z,44201,558,44201,88960,10.88,0.0,0,0.35,429,345,,,,,,,,,,,,,eslint-config-tschaub,eslint-config-tschaub,https://avatars.githubusercontent.com/u/41094?v=4,tschaub,unknown,9.34,2.7,32,986.02,3,0,3,MIT,32631142.0,3597.0,839.0,6,6,0,12,22,1,14.1.2,3,1,3,0.0,0.0,0.0,0.0,0.0,0.0,0.0,101.0,0,0,1,2,0
jest,,,,2013-12-10T00:18:04Z,2024-10-23T08:20:41Z,44201,558,44201,88960,10.88,0.0,0,0.35,429,345,,,,,,,,,,,,,eslint-config-prettier,eslint-config-prettier,https://avatars.githubusercontent.com/u/25822731?v=4,prettier,unknown,7.74,0.0,0,0.1,34,12,10943,MIT,115858400.0,12841.0,3112.0,25,0,0,25,72,3,9.1.0,2,1,2,0.0,0.0,0.0,0.0,0.0,0.0,0.0,381.0,0,0,1,1,0
jest,,,,2013-12-10T00:18:04Z,2024-10-23T08:20:41Z,44201,558,44201,88960,10.88,0.0,0,0.35,429,345,,,,,,,,,,,,,prop-types,prop-types,https://avatars.githubusercontent.com/u/69631?v=4,facebook,United States(California),7.55,0.0,0,1.2,46,60,9021,MIT,39494362.0,9519.0,1580.0,10,3,0,13,24,3,15.8.1,2,1,2,0.0,0.0,0.0,0.0,0.0,0.0,0.0,171.0,0,1,20,13,11
jest,,,,2013-12-10T00:18:04Z,2024-10-23T08:20:41Z,44201,558,44201,88960,10.88,0.0,0,0.35,429,345,,,,,,,,,,,,,jest,jest,https://avatars.githubusercontent.com/u/103283236?v=4,jestjs,unknown,10.88,0.0,0,0.35,429,345,88960,MIT,,,,0,0,0,0,355,4,29.7.0,2,2,0,0.0,0.0,0.0,0.0,0.0,0.0,0.0,6303.0,0,0,0,0,0
karma,396432213.0,16410.0,3625.0,2011-10-12T07:55:46Z,2024-10-21T03:34:22Z,11959,315,11959,24233,13.04,0.01,0,2.47,340,379,0.0,5.0,21.0,31.0,7.0,64.0,142.0,1157.0,,,,,brick-boilerplate,brick-boilerplate,https://avatars.githubusercontent.com/u/131524?v=4,Mozilla,United States(California),10.46,0.03,0,12.1,1,3,16,ISC,38289313.0,7091.0,2336.0,15,0,0,15,1,1,0.0.0,2,0,2,0.0,0.0,0.0,0.0,0.0,0.0,0.0,20.0,0,3,7,44,14
karma,396432213.0,16410.0,3625.0,2011-10-12T07:55:46Z,2024-10-21T03:34:22Z,11959,315,11959,24233,13.04,0.01,0,2.47,340,379,0.0,5.0,21.0,31.0,7.0,64.0,142.0,1157.0,,,,,karma-mocha,karma-mocha,https://avatars.githubusercontent.com/u/3284117?v=4,karma-runner,unknown,11.66,0.44,5,158.92,34,86,768,MIT,70595576.0,15141.0,3734.0,29,1,0,30,23,5,2.0.1,2,1,2,0.0,0.0,0.0,0.0,0.0,0.0,0.0,184.0,0,4,27,80,17
karma,396432213.0,16410.0,3625.0,2011-10-12T07:55:46Z,2024-10-21T03:34:22Z,11959,315,11959,24233,13.04,0.01,0,2.47,340,379,0.0,5.0,21.0,31.0,7.0,64.0,142.0,1157.0,,,,,karma,karma,https://avatars.githubusercontent.com/u/3284117?v=4,karma-runner,unknown,13.04,0.01,0,2.47,340,379,24233,MIT,396432213.0,16410.0,3625.0,39,24,0,63,213,5,6.4.4,2,2,0,0.0,0.0,0.0,0.0,0.0,0.0,0.0,2850.0,0,5,21,31,7
vue-eslint-parser,,,,2016-12-15T01:11:07Z,2024-10-11T15:55:11Z,446,12,446,904,7.86,0.03,0,12.03,14,17,0.0,0.0,6.0,2.0,3.0,11.0,13.0,696.0,,,,,brick-boilerplate,brick-boilerplate,https://avatars.githubusercontent.com/u/131524?v=4,Mozilla,United States(California),10.46,0.03,0,12.1,1,3,16,ISC,38289313.0,7091.0,2336.0,15,0,0,15,1,1,0.0.0,2,0,2,0.0,0.0,0.0,0.0,0.0,0.0,0.0,20.0,0,3,7,44,14
vue-eslint-parser,,,,2016-12-15T01:11:07Z,2024-10-11T15:55:11Z,446,12,446,904,7.86,0.03,0,12.03,14,17,0.0,0.0,6.0,2.0,3.0,11.0,13.0,696.0,,,,,karma,karma,https://avatars.githubusercontent.com/u/3284117?v=4,karma-runner,unknown,13.04,0.01,0,2.47,340,379,24233,MIT,396432213.0,16410.0,3625.0,39,24,0,63,213,5,6.4.4,2,1,2,0.0,0.0,0.0,0.0,0.0,0.0,0.0,2850.0,0,5,21,31,7
vue-eslint-parser,,,,2016-12-15T01:11:07Z,2024-10-11T15:55:11Z,446,12,446,904,7.86,0.03,0,12.03,14,17,0.0,0.0,6.0,2.0,3.0,11.0,13.0,696.0,,,,,karma-mocha,karma-mocha,https://avatars.githubusercontent.com/u/3284117?v=4,karma-runner,unknown,11.66,0.44,5,158.92,34,86,768,MIT,70595576.0,15141.0,3734.0,29,1,0,30,23,5,2.0.1,3,3,2,0.0,0.0,0.0,0.0,0.0,0.0,0.0,184.0,0,4,27,80,17
vue-eslint-parser,,,,2016-12-15T01:11:07Z,2024-10-11T15:55:11Z,446,12,446,904,7.86,0.03,0,12.03,14,17,0.0,0.0,6.0,2.0,3.0,11.0,13.0,696.0,,,,,mock-fs,mock-fs,https://avatars.githubusercontent.com/u/41094?v=4,tschaub,unknown,10.96,0.03,0,10.85,38,67,1823,MIT,35342078.0,4192.0,1101.0,6,0,0,6,85,1,5.4.0,2,1,2,0.0,0.0,0.0,0.0,0.0,0.0,0.0,733.0,0,0,0,0,0
vue-eslint-parser,,,,2016-12-15T01:11:07Z,2024-10-11T15:55:11Z,446,12,446,904,7.86,0.03,0,12.03,14,17,0.0,0.0,6.0,2.0,3.0,11.0,13.0,696.0,,,,,eslint-config-tschaub,eslint-config-tschaub,https://avatars.githubusercontent.com/u/41094?v=4,tschaub,unknown,9.34,2.7,32,986.02,3,0,3,MIT,32631142.0,3597.0,839.0,6,6,0,12,22,1,14.1.2,2,1,2,0.0,0.0,0.0,0.0,0.0,0.0,0.0,101.0,0,0,1,2,0
vue-eslint-parser,,,,2016-12-15T01:11:07Z,2024-10-11T15:55:11Z,446,12,446,904,7.86,0.03,0,12.03,14,17,0.0,0.0,6.0,2.0,3.0,11.0,13.0,696.0,,,,,eslint-config-prettier,eslint-config-prettier,https://avatars.githubusercontent.com/u/25822731?v=4,prettier,unknown,7.74,0.0,0,0.1,34,12,10943,MIT,115858400.0,12841.0,3112.0,25,0,0,25,72,3,9.1.0,2,1,2,0.0,0.0,0.0,0.0,0.0,0.0,0.0,381.0,0,0,1,1,0
vue-eslint-parser,,,,2016-12-15T01:11:07Z,2024-10-11T15:55:11Z,446,12,446,904,7.86,0.03,0,12.03,14,17,0.0,0.0,6.0,2.0,3.0,11.0,13.0,696.0,,,,,vue-eslint-parser,vue-eslint-parser,https://avatars.githubusercontent.com/u/6128107?v=4,vuejs,United States(Indiana),7.86,0.03,0,12.03,14,17,904,MIT,,,,0,0,0,0,84,2,9.4.3,1,1,0,0.0,0.0,0.0,0.0,0.0,0.0,0.0,386.0,0,0,6,2,3
babel-eslint,43389155.0,11934.0,3642.0,2015-02-27T05:17:07Z,2024-09-02T17:20:07Z,2963,53,2963,5979,9.66,0.14,1,50.98,63,4,0.0,1.0,1.0,3.0,3.0,8.0,7.0,639.0,,,,,brick-boilerplate,brick-boilerplate,https://avatars.githubusercontent.com/u/131524?v=4,Mozilla,United States(California),10.46,0.03,0,12.1,1,3,16,ISC,38289313.0,7091.0,2336.0,15,0,0,15,1,1,0.0.0,2,0,2,0.0,0.0,0.0,0.0,0.0,0.0,0.0,20.0,0,3,7,44,14
babel-eslint,43389155.0,11934.0,3642.0,2015-02-27T05:17:07Z,2024-09-02T17:20:07Z,2963,53,2963,5979,9.66,0.14,1,50.98,63,4,0.0,1.0,1.0,3.0,3.0,8.0,7.0,639.0,,,,,karma,karma,https://avatars.githubusercontent.com/u/3284117?v=4,karma-runner,unknown,13.04,0.01,0,2.47,340,379,24233,MIT,396432213.0,16410.0,3625.0,39,24,0,63,213,5,6.4.4,2,1,2,0.0,0.0,0.0,0.0,0.0,0.0,0.0,2850.0,0,5,21,31,7
babel-eslint,43389155.0,11934.0,3642.0,2015-02-27T05:17:07Z,2024-09-02T17:20:07Z,2963,53,2963,5979,9.66,0.14,1,50.98,63,4,0.0,1.0,1.0,3.0,3.0,8.0,7.0,639.0,,,,,karma-mocha,karma-mocha,https://avatars.githubusercontent.com/u/3284117?v=4,karma-runner,unknown,11.66,0.44,5,158.92,34,86,768,MIT,70595576.0,15141.0,3734.0,29,1,0,30,23,5,2.0.1,3,3,2,0.0,0.0,0.0,0.0,0.0,0.0,0.0,184.0,0,4,27,80,17
babel-eslint,43389155.0,11934.0,3642.0,2015-02-27T05:17:07Z,2024-09-02T17:20:07Z,2963,53,2963,5979,9.66,0.14,1,50.98,63,4,0.0,1.0,1.0,3.0,3.0,8.0,7.0,639.0,,,,,mock-fs,mock-fs,https://avatars.githubusercontent.com/u/41094?v=4,tschaub,unknown,10.96,0.03,0,10.85,38,67,1823,MIT,35342078.0,4192.0,1101.0,6,0,0,6,85,1,5.4.0,2,1,2,0.0,0.0,0.0,0.0,0.0,0.0,0.0,733.0,0,0,0,0,0
babel-eslint,43389155.0,11934.0,3642.0,2015-02-27T05:17:07Z,2024-09-02T17:20:07Z,2963,53,2963,5979,9.66,0.14,1,50.98,63,4,0.0,1.0,1.0,3.0,3.0,8.0,7.0,639.0,,,,,eslint-config-tschaub,eslint-config-tschaub,https://avatars.githubusercontent.com/u/41094?v=4,tschaub,unknown,9.34,2.7,32,986.02,3,0,3,MIT,32631142.0,3597.0,839.0,6,6,0,12,22,1,14.1.2,3,1,3,0.0,0.0,0.0,0.0,0.0,0.0,0.0,101.0,0,0,1,2,0
babel-eslint,43389155.0,11934.0,3642.0,2015-02-27T05:17:07Z,2024-09-02T17:20:07Z,2963,53,2963,5979,9.66,0.14,1,50.98,63,4,0.0,1.0,1.0,3.0,3.0,8.0,7.0,639.0,,,,,eslint-config-prettier,eslint-config-prettier,https://avatars.githubusercontent.com/u/25822731?v=4,prettier,unknown,7.74,0.0,0,0.1,34,12,10943,MIT,115858400.0,12841.0,3112.0,25,0,0,25,72,3,9.1.0,2,1,2,0.0,0.0,0.0,0.0,0.0,0.0,0.0,381.0,0,0,1,1,0
babel-eslint,43389155.0,11934.0,3642.0,2015-02-27T05:17:07Z,2024-09-02T17:20:07Z,2963,53,2963,5979,9.66,0.14,1,50.98,63,4,0.0,1.0,1.0,3.0,3.0,8.0,7.0,639.0,,,,,eslint-plugin-babel,eslint-plugin-babel,https://avatars.githubusercontent.com/u/9637642?v=4,babel,Canada,9.36,0.14,1,51.41,30,0,799,MIT,13794996.0,2574.0,409.0,4,1,0,5,22,12,5.3.1,2,1,2,0.0,0.0,0.0,0.0,0.0,0.0,0.0,129.0,0,0,4,5,3
babel-eslint,43389155.0,11934.0,3642.0,2015-02-27T05:17:07Z,2024-09-02T17:20:07Z,2963,53,2963,5979,9.66,0.14,1,50.98,63,4,0.0,1.0,1.0,3.0,3.0,8.0,7.0,639.0,,,,,eslint-plugin-sort-imports-es6-autofix,eslint-plugin-sort-imports-es6-autofix,https://avatars.githubusercontent.com/u/22770059?v=4,schuchertmanagementberatung,unknown,7.7,1.61,19,589.27,8,17,170,MIT,69519679.0,4151.0,872.0,5,0,0,5,9,1,0.6.0,2,1,2,0.0,0.0,0.0,0.0,0.0,0.0,0.0,59.0,0,1,3,7,6
babel-eslint,43389155.0,11934.0,3642.0,2015-02-27T05:17:07Z,2024-09-02T17:20:07Z,2963,53,2963,5979,9.66,0.14,1,50.98,63,4,0.0,1.0,1.0,3.0,3.0,8.0,7.0,639.0,,,,,babel-eslint,babel-eslint,https://avatars.githubusercontent.com/u/9637642?v=4,babel,Canada,9.66,0.14,1,50.98,63,4,5979,MIT,43389155.0,11934.0,3642.0,0,0,0,0,135,12,10.1.0,2,2,0,0.0,0.0,0.0,0.0,0.0,0.0,0.0,563.0,0,1,1,3,3
@babel/core,,,,2014-09-28T13:38:23Z,2024-10-23T16:56:56Z,43226,806,43226,87258,10.08,0.0,0,0.01,417,783,,,,,,,,,,,,,brick-boilerplate,brick-boilerplate,https://avatars.githubusercontent.com/u/131524?v=4,Mozilla,United States(California),10.46,0.03,0,12.1,1,3,16,ISC,38289313.0,7091.0,2336.0,15,0,0,15,1,1,0.0.0,2,0,2,0.0,0.0,0.0,0.0,0.0,0.0,0.0,20.0,0,3,7,44,14
@babel/core,,,,2014-09-28T13:38:23Z,2024-10-23T16:56:56Z,43226,806,43226,87258,10.08,0.0,0,0.01,417,783,,,,,,,,,,,,,karma,karma,https://avatars.githubusercontent.com/u/3284117?v=4,karma-runner,unknown,13.04,0.01,0,2.47,340,379,24233,MIT,396432213.0,16410.0,3625.0,39,24,0,63,213,5,6.4.4,2,1,2,0.0,0.0,0.0,0.0,0.0,0.0,0.0,2850.0,0,5,21,31,7
@babel/core,,,,2014-09-28T13:38:23Z,2024-10-23T16:56:56Z,43226,806,43226,87258,10.08,0.0,0,0.01,417,783,,,,,,,,,,,,,karma-mocha,karma-mocha,https://avatars.githubusercontent.com/u/3284117?v=4,karma-runner,unknown,11.66,0.44,5,158.92,34,86,768,MIT,70595576.0,15141.0,3734.0,29,1,0,30,23,5,2.0.1,3,3,2,0.0,0.0,0.0,0.0,0.0,0.0,0.0,184.0,0,4,27,80,17
@babel/core,,,,2014-09-28T13:38:23Z,2024-10-23T16:56:56Z,43226,806,43226,87258,10.08,0.0,0,0.01,417,783,,,,,,,,,,,,,mock-fs,mock-fs,https://avatars.githubusercontent.com/u/41094?v=4,tschaub,unknown,10.96,0.03,0,10.85,38,67,1823,MIT,35342078.0,4192.0,1101.0,6,0,0,6,85,1,5.4.0,2,1,2,0.0,0.0,0.0,0.0,0.0,0.0,0.0,733.0,0,0,0,0,0
@babel/core,,,,2014-09-28T13:38:23Z,2024-10-23T16:56:56Z,43226,806,43226,87258,10.08,0.0,0,0.01,417,783,,,,,,,,,,,,,eslint-config-tschaub,eslint-config-tschaub,https://avatars.githubusercontent.com/u/41094?v=4,tschaub,unknown,9.34,2.7,32,986.02,3,0,3,MIT,32631142.0,3597.0,839.0,6,6,0,12,22,1,14.1.2,2,1,2,0.0,0.0,0.0,0.0,0.0,0.0,0.0,101.0,0,0,1,2,0
@babel/core,,,,2014-09-28T13:38:23Z,2024-10-23T16:56:56Z,43226,806,43226,87258,10.08,0.0,0,0.01,417,783,,,,,,,,,,,,,eslint-config-prettier,eslint-config-prettier,https://avatars.githubusercontent.com/u/25822731?v=4,prettier,unknown,7.74,0.0,0,0.1,34,12,10943,MIT,115858400.0,12841.0,3112.0,25,0,0,25,72,3,9.1.0,2,1,2,0.0,0.0,0.0,0.0,0.0,0.0,0.0,381.0,0,0,1,1,0
@babel/core,,,,2014-09-28T13:38:23Z,2024-10-23T16:56:56Z,43226,806,43226,87258,10.08,0.0,0,0.01,417,783,,,,,,,,,,,,,eslint-plugin-flowtype,eslint-plugin-flowtype,https://avatars.githubusercontent.com/u/973543?v=4,gajus,United Kingdom,8.7,0.01,0,2.28,70,40,2164,BSD-3-Clause,164566156.0,28293.0,5501.0,21,2,0,23,185,1,8.0.3,2,1,2,0.0,0.0,0.0,0.0,0.0,0.0,0.0,604.0,0,0,15,15,4
@babel/core,,,,2014-09-28T13:38:23Z,2024-10-23T16:56:56Z,43226,806,43226,87258,10.08,0.0,0,0.01,417,783,,,,,,,,,,,,,@babel/core,@babel/core,https://avatars.githubusercontent.com/u/9637642?v=4,babel,Canada,10.08,0.0,0,0.01,417,783,87258,MIT,,,,0,0,0,0,194,4,7.25.9,1,1,0,,,,,,,,,0,0,0,0,0
@babel/register,39985542.0,31158.0,564.0,2014-09-28T13:38:23Z,2024-10-23T16:56:56Z,43226,806,43226,87258,10.08,0.0,0,0.02,417,783,,,,,,,,,,,,,brick-boilerplate,brick-boilerplate,https://avatars.githubusercontent.com/u/131524?v=4,Mozilla,United States(California),10.46,0.03,0,12.1,1,3,16,ISC,38289313.0,7091.0,2336.0,15,0,0,15,1,1,0.0.0,2,0,2,0.0,0.0,0.0,0.0,0.0,0.0,0.0,20.0,0,3,7,44,14
@babel/register,39985542.0,31158.0,564.0,2014-09-28T13:38:23Z,2024-10-23T16:56:56Z,43226,806,43226,87258,10.08,0.0,0,0.02,417,783,,,,,,,,,,,,,karma,karma,https://avatars.githubusercontent.com/u/3284117?v=4,karma-runner,unknown,13.04,0.01,0,2.47,340,379,24233,MIT,396432213.0,16410.0,3625.0,39,24,0,63,213,5,6.4.4,2,1,2,0.0,0.0,0.0,0.0,0.0,0.0,0.0,2850.0,0,5,21,31,7
@babel/register,39985542.0,31158.0,564.0,2014-09-28T13:38:23Z,2024-10-23T16:56:56Z,43226,806,43226,87258,10.08,0.0,0,0.02,417,783,,,,,,,,,,,,,karma-mocha,karma-mocha,https://avatars.githubusercontent.com/u/3284117?v=4,karma-runner,unknown,11.66,0.44,5,158.92,34,86,768,MIT,70595576.0,15141.0,3734.0,29,1,0,30,23,5,2.0.1,3,3,2,0.0,0.0,0.0,0.0,0.0,0.0,0.0,184.0,0,4,27,80,17
@babel/register,39985542.0,31158.0,564.0,2014-09-28T13:38:23Z,2024-10-23T16:56:56Z,43226,806,43226,87258,10.08,0.0,0,0.02,417,783,,,,,,,,,,,,,mock-fs,mock-fs,https://avatars.githubusercontent.com/u/41094?v=4,tschaub,unknown,10.96,0.03,0,10.85,38,67,1823,MIT,35342078.0,4192.0,1101.0,6,0,0,6,85,1,5.4.0,2,1,2,0.0,0.0,0.0,0.0,0.0,0.0,0.0,733.0,0,0,0,0,0
@babel/register,39985542.0,31158.0,564.0,2014-09-28T13:38:23Z,2024-10-23T16:56:56Z,43226,806,43226,87258,10.08,0.0,0,0.02,417,783,,,,,,,,,,,,,eslint-config-tschaub,eslint-config-tschaub,https://avatars.githubusercontent.com/u/41094?v=4,tschaub,unknown,9.34,2.7,32,986.02,3,0,3,MIT,32631142.0,3597.0,839.0,6,6,0,12,22,1,14.1.2,2,1,2,0.0,0.0,0.0,0.0,0.0,0.0,0.0,101.0,0,0,1,2,0
@babel/register,39985542.0,31158.0,564.0,2014-09-28T13:38:23Z,2024-10-23T16:56:56Z,43226,806,43226,87258,10.08,0.0,0,0.02,417,783,,,,,,,,,,,,,eslint-config-prettier,eslint-config-prettier,https://avatars.githubusercontent.com/u/25822731?v=4,prettier,unknown,7.74,0.0,0,0.1,34,12,10943,MIT,115858400.0,12841.0,3112.0,25,0,0,25,72,3,9.1.0,2,1,2,0.0,0.0,0.0,0.0,0.0,0.0,0.0,381.0,0,0,1,1,0
@babel/register,39985542.0,31158.0,564.0,2014-09-28T13:38:23Z,2024-10-23T16:56:56Z,43226,806,43226,87258,10.08,0.0,0,0.02,417,783,,,,,,,,,,,,,eslint-plugin-flowtype,eslint-plugin-flowtype,https://avatars.githubusercontent.com/u/973543?v=4,gajus,United Kingdom,8.7,0.01,0,2.28,70,40,2164,BSD-3-Clause,164566156.0,28293.0,5501.0,21,2,0,23,185,1,8.0.3,2,1,2,0.0,0.0,0.0,0.0,0.0,0.0,0.0,604.0,0,0,15,15,4
@babel/register,39985542.0,31158.0,564.0,2014-09-28T13:38:23Z,2024-10-23T16:56:56Z,43226,806,43226,87258,10.08,0.0,0,0.02,417,783,,,,,,,,,,,,,@babel/register,@babel/register,https://avatars.githubusercontent.com/u/9637642?v=4,babel,Canada,10.08,0.0,0,0.02,417,783,87258,MIT,39985542.0,31158.0,564.0,0,0,0,0,95,4,7.25.9,1,1,0,,,,,,,,,0,0,0,0,0
karma-chai,9777004.0,2250.0,478.0,2013-06-10T02:06:58Z,2023-08-22T19:35:25Z,60,4,60,124,11.38,1.17,14,427.8,3,7,0.0,0.0,0.0,0.0,0.0,0.0,1.0,0.0,,,,,brick-boilerplate,brick-boilerplate,https://avatars.githubusercontent.com/u/131524?v=4,Mozilla,United States(California),10.46,0.03,0,12.1,1,3,16,ISC,38289313.0,7091.0,2336.0,15,0,0,15,1,1,0.0.0,3,0,3,0.0,0.0,0.0,0.0,0.0,0.0,0.0,20.0,0,3,7,44,14
karma-chai,9777004.0,2250.0,478.0,2013-06-10T02:06:58Z,2023-08-22T19:35:25Z,60,4,60,124,11.38,1.17,14,427.8,3,7,0.0,0.0,0.0,0.0,0.0,0.0,1.0,0.0,,,,,karma,karma,https://avatars.githubusercontent.com/u/3284117?v=4,karma-runner,unknown,13.04,0.01,0,2.47,340,379,24233,MIT,396432213.0,16410.0,3625.0,39,24,0,63,213,5,6.4.4,4,4,3,0.0,0.0,0.0,0.0,0.0,0.0,0.0,2850.0,0,5,21,31,7
karma-chai,9777004.0,2250.0,478.0,2013-06-10T02:06:58Z,2023-08-22T19:35:25Z,60,4,60,124,11.38,1.17,14,427.8,3,7,0.0,0.0,0.0,0.0,0.0,0.0,1.0,0.0,,,,,karma-mocha,karma-mocha,https://avatars.githubusercontent.com/u/3284117?v=4,karma-runner,unknown,11.66,0.44,5,158.92,34,86,768,MIT,70595576.0,15141.0,3734.0,29,1,0,30,23,5,2.0.1,4,3,4,0.0,0.0,0.0,0.0,0.0,0.0,0.0,184.0,0,4,27,80,17
karma-chai,9777004.0,2250.0,478.0,2013-06-10T02:06:58Z,2023-08-22T19:35:25Z,60,4,60,124,11.38,1.17,14,427.8,3,7,0.0,0.0,0.0,0.0,0.0,0.0,1.0,0.0,,,,,karma-chai,karma-chai,https://avatars.githubusercontent.com/u/99367?v=4,xdissent,United States(Tennessee),11.38,1.17,14,427.8,3,7,124,unknown,9777004.0,2250.0,478.0,0,0,0,0,3,2,0.1.0,3,3,0,0.0,0.0,0.0,0.0,0.0,0.0,0.0,24.0,0,0,0,0,0
rimraf,73022586.0,7616.0,2770.0,2011-02-08T08:58:20Z,2024-10-22T18:28:21Z,5645,45,5645,11335,13.72,0.0,0,0.96,31,10,0.0,0.0,0.0,0.0,0.0,0.0,42.0,309.0,,,,,brick-boilerplate,brick-boilerplate,https://avatars.githubusercontent.com/u/131524?v=4,Mozilla,United States(California),10.46,0.03,0,12.1,1,3,16,ISC,38289313.0,7091.0,2336.0,15,0,0,15,1,1,0.0.0,2,0,2,0.0,0.0,0.0,0.0,0.0,0.0,0.0,20.0,0,3,7,44,14
rimraf,73022586.0,7616.0,2770.0,2011-02-08T08:58:20Z,2024-10-22T18:28:21Z,5645,45,5645,11335,13.72,0.0,0,0.96,31,10,0.0,0.0,0.0,0.0,0.0,0.0,42.0,309.0,,,,,karma,karma,https://avatars.githubusercontent.com/u/3284117?v=4,karma-runner,unknown,13.04,0.01,0,2.47,340,379,24233,MIT,396432213.0,16410.0,3625.0,39,24,0,63,213,5,6.4.4,4,4,3,0.0,0.0,0.0,0.0,0.0,0.0,0.0,2850.0,0,5,21,31,7
rimraf,73022586.0,7616.0,2770.0,2011-02-08T08:58:20Z,2024-10-22T18:28:21Z,5645,45,5645,11335,13.72,0.0,0,0.96,31,10,0.0,0.0,0.0,0.0,0.0,0.0,42.0,309.0,,,,,karma-mocha,karma-mocha,https://avatars.githubusercontent.com/u/3284117?v=4,karma-runner,unknown,11.66,0.44,5,158.92,34,86,768,MIT,70595576.0,15141.0,3734.0,29,1,0,30,23,5,2.0.1,4,3,4,0.0,0.0,0.0,0.0,0.0,0.0,0.0,184.0,0,4,27,80,17
rimraf,73022586.0,7616.0,2770.0,2011-02-08T08:58:20Z,2024-10-22T18:28:21Z,5645,45,5645,11335,13.72,0.0,0,0.96,31,10,0.0,0.0,0.0,0.0,0.0,0.0,42.0,309.0,,,,,mock-fs,mock-fs,https://avatars.githubusercontent.com/u/41094?v=4,tschaub,unknown,10.96,0.03,0,10.85,38,67,1823,MIT,35342078.0,4192.0,1101.0,6,0,0,6,85,1,5.4.0,3,1,3,0.0,0.0,0.0,0.0,0.0,0.0,0.0,733.0,0,0,0,0,0
rimraf,73022586.0,7616.0,2770.0,2011-02-08T08:58:20Z,2024-10-22T18:28:21Z,5645,45,5645,11335,13.72,0.0,0,0.96,31,10,0.0,0.0,0.0,0.0,0.0,0.0,42.0,309.0,,,,,eslint-config-tschaub,eslint-config-tschaub,https://avatars.githubusercontent.com/u/41094?v=4,tschaub,unknown,9.34,2.7,32,986.02,3,0,3,MIT,32631142.0,3597.0,839.0,6,6,0,12,22,1,14.1.2,2,1,2,0.0,0.0,0.0,0.0,0.0,0.0,0.0,101.0,0,0,1,2,0
rimraf,73022586.0,7616.0,2770.0,2011-02-08T08:58:20Z,2024-10-22T18:28:21Z,5645,45,5645,11335,13.72,0.0,0,0.96,31,10,0.0,0.0,0.0,0.0,0.0,0.0,42.0,309.0,,,,,eslint-config-prettier,eslint-config-prettier,https://avatars.githubusercontent.com/u/25822731?v=4,prettier,unknown,7.74,0.0,0,0.1,34,12,10943,MIT,115858400.0,12841.0,3112.0,25,0,0,25,72,3,9.1.0,2,1,2,0.0,0.0,0.0,0.0,0.0,0.0,0.0,381.0,0,0,1,1,0
rimraf,73022586.0,7616.0,2770.0,2011-02-08T08:58:20Z,2024-10-22T18:28:21Z,5645,45,5645,11335,13.72,0.0,0,0.96,31,10,0.0,0.0,0.0,0.0,0.0,0.0,42.0,309.0,,,,,eslint-plugin-flowtype,eslint-plugin-flowtype,https://avatars.githubusercontent.com/u/973543?v=4,gajus,United Kingdom,8.7,0.01,0,2.28,70,40,2164,BSD-3-Clause,164566156.0,28293.0,5501.0,21,2,0,23,185,1,8.0.3,2,1,2,0.0,0.0,0.0,0.0,0.0,0.0,0.0,604.0,0,0,15,15,4
rimraf,73022586.0,7616.0,2770.0,2011-02-08T08:58:20Z,2024-10-22T18:28:21Z,5645,45,5645,11335,13.72,0.0,0,0.96,31,10,0.0,0.0,0.0,0.0,0.0,0.0,42.0,309.0,,,,,rimraf,rimraf,https://avatars.githubusercontent.com/u/9287?v=4,isaacs,United States(California),13.72,0.0,0,0.96,31,10,11335,ISC,73022586.0,7616.0,2770.0,6,2,0,8,82,1,6.0.1,3,3,0,0.0,0.0,0.0,0.0,0.0,0.0,0.0,317.0,0,0,0,0,0
karma-firefox-launcher,19860.0,7.0,39.0,2013-02-28T07:48:28Z,2024-06-13T02:49:23Z,104,9,104,217,11.66,0.36,4,132.5,34,40,,,,,,,,,,,,,brick-boilerplate,brick-boilerplate,https://avatars.githubusercontent.com/u/131524?v=4,Mozilla,United States(California),10.46,0.03,0,12.1,1,3,16,ISC,38289313.0,7091.0,2336.0,15,0,0,15,1,1,0.0.0,3,0,3,0.0,0.0,0.0,0.0,0.0,0.0,0.0,20.0,0,3,7,44,14
karma-firefox-launcher,19860.0,7.0,39.0,2013-02-28T07:48:28Z,2024-06-13T02:49:23Z,104,9,104,217,11.66,0.36,4,132.5,34,40,,,,,,,,,,,,,karma,karma,https://avatars.githubusercontent.com/u/3284117?v=4,karma-runner,unknown,13.04,0.01,0,2.47,340,379,24233,MIT,396432213.0,16410.0,3625.0,39,24,0,63,213,5,6.4.4,4,4,3,0.0,0.0,0.0,0.0,0.0,0.0,0.0,2850.0,0,5,21,31,7
karma-firefox-launcher,19860.0,7.0,39.0,2013-02-28T07:48:28Z,2024-06-13T02:49:23Z,104,9,104,217,11.66,0.36,4,132.5,34,40,,,,,,,,,,,,,karma-mocha,karma-mocha,https://avatars.githubusercontent.com/u/3284117?v=4,karma-runner,unknown,11.66,0.44,5,158.92,34,86,768,MIT,70595576.0,15141.0,3734.0,29,1,0,30,23,5,2.0.1,4,3,4,0.0,0.0,0.0,0.0,0.0,0.0,0.0,184.0,0,4,27,80,17
karma-firefox-launcher,19860.0,7.0,39.0,2013-02-28T07:48:28Z,2024-06-13T02:49:23Z,104,9,104,217,11.66,0.36,4,132.5,34,40,,,,,,,,,,,,,karma-firefox-launcher,karma-firefox-launcher,https://avatars.githubusercontent.com/u/3284117?v=4,karma-runner,unknown,11.66,0.36,4,132.5,34,40,217,MIT,19860.0,7.0,39.0,0,0,0,0,21,4,2.1.3,3,3,0,0.0,0.0,0.0,0.0,0.0,0.0,0.0,282.0,0,0,0,0,0
karma-mocha,70595576.0,15141.0,3734.0,2013-02-28T18:19:34Z,2024-05-17T16:40:59Z,379,10,379,768,11.66,0.44,5,158.92,34,86,0.0,4.0,27.0,80.0,17.0,128.0,2.0,1564.0,,,,,brick-boilerplate,brick-boilerplate,https://avatars.githubusercontent.com/u/131524?v=4,Mozilla,United States(California),10.46,0.03,0,12.1,1,3,16,ISC,38289313.0,7091.0,2336.0,15,0,0,15,1,1,0.0.0,2,0,2,0.0,0.0,0.0,0.0,0.0,0.0,0.0,20.0,0,3,7,44,14
karma-mocha,70595576.0,15141.0,3734.0,2013-02-28T18:19:34Z,2024-05-17T16:40:59Z,379,10,379,768,11.66,0.44,5,158.92,34,86,0.0,4.0,27.0,80.0,17.0,128.0,2.0,1564.0,,,,,karma,karma,https://avatars.githubusercontent.com/u/3284117?v=4,karma-runner,unknown,13.04,0.01,0,2.47,340,379,24233,MIT,396432213.0,16410.0,3625.0,39,24,0,63,213,5,6.4.4,2,1,2,0.0,0.0,0.0,0.0,0.0,0.0,0.0,2850.0,0,5,21,31,7
karma-mocha,70595576.0,15141.0,3734.0,2013-02-28T18:19:34Z,2024-05-17T16:40:59Z,379,10,379,768,11.66,0.44,5,158.92,34,86,0.0,4.0,27.0,80.0,17.0,128.0,2.0,1564.0,,,,,karma-mocha,karma-mocha,https://avatars.githubusercontent.com/u/3284117?v=4,karma-runner,unknown,11.66,0.44,5,158.92,34,86,768,MIT,70595576.0,15141.0,3734.0,29,1,0,30,23,5,2.0.1,2,2,0,0.0,0.0,0.0,0.0,0.0,0.0,0.0,184.0,0,4,27,80,17
